Place,Time,Athlete,Country,Date of Birth,City,Event Date
1,8:06.11,Wang Junxia,CHN,09.01.73,Beijing,13.09.1993
2,8:12.18,Qu Yunxia,CHN,25.12.72,Beijing,13.09.1993
3,8:12.19,Wang Junxia,CHN,09.01.73,Beijing,12.09.1993
4,8:12.27,Qu Yunxia,CHN,25.12.72,Beijing,12.09.1993
5,8:16.50,Zhang Linli,CHN,06.03.73,Beijing,13.09.1993
6,8:18.49,Sifan Hassan,NED,01.01.93,Palo Alto,30.06.2019
7,8:19.08,Francine Niyonsaba,BDI,05.05.93,Paris,28.08.2021
8,8:19.52,Ejgayehu Taye,ETH,10.02.00,Paris,28.08.2021
9,8:19.78,Ma Liyan,CHN,03.11.68,Beijing,12.09.1993
10,8:20.07,Konstanze Klosterhalfen,GER,18.02.97,Palo Alto,30.06.2019
11,8:20.27,Letesenbet Gidey,ETH,20.03.98,Palo Alto,30.06.2019
12,8:20.68,Helen Obiri,KEN,13.12.89,Ad-Dawhah,09.05.2014
13,8:21.14,Mercy Cherono,KEN,07.05.91,Ad-Dawhah,09.05.2014
14,8:21.26,Ma Liyan,CHN,03.11.68,Beijing,13.09.1993
15,8:21.29,Genzebe Dibaba,ETH,08.02.91,Palo Alto,30.06.2019
16,8:21.42,Gabriela Szabo,ROU,14.11.75,Monaco,19.07.2002
17,8:21.53,Margaret Kipkemboi,KEN,09.02.93,Paris,28.08.2021
18,8:21.64,Sonia O'Sullivan,IRL,28.11.69,London,15.07.1994
19,8:21.84,Zhang Lirong,CHN,03.03.73,Beijing,13.09.1993
20,8:22.06,Zhang Linli,CHN,06.03.73,Beijing,12.09.1993
21,8:22.20,Paula Radcliffe,GBR,17.12.73,Monaco,19.07.2002
22,8:22.22,Almaz Ayana,ETH,21.11.91,Rabat,14.06.2015
23,8:22.34,Almaz Ayana,ETH,21.11.91,Zürich,03.09.2015
24,8:22.44,Zhang Lirong,CHN,03.03.73,Beijing,12.09.1993
25,8:22.54,Helen Obiri,KEN,13.12.89,Ad-Dawhah,25.09.2020
26,8:22.62,Tatyana Kazankina,RUS,17.12.51,Leningrad,26.08.1984
27,8:22.92,Agnes Tirop,KEN,23.10.95,Ad-Dawhah,25.09.2020
27,8:22.92,Beatrice Chepkoech,KEN,06.07.91,Ad-Dawhah,25.09.2020
29,8:23.11,Almaz Ayana,ETH,21.11.91,Ad-Dawhah,06.05.2016
30,8:23.14,Helen Obiri,KEN,13.12.89,Monaco,21.07.2017
31,8:23.23,Edith Masai,KEN,04.04.67,Monaco,19.07.2002
32,8:23.26,Olga Yegorova,RUS,28.03.72,Zürich,17.08.2001
33,8:23.55,Faith Kipyegon,KEN,10.01.94,Ad-Dawhah,09.05.2014
34,8:23.75,Olga Yegorova,RUS,28.03.72,Saint-Denis,06.07.2001
35,8:23.96,Olga Yegorova,RUS,28.03.72,Roma,29.06.2001
36,8:24.19,Gabriela Szabo,ROU,14.11.75,Zürich,17.08.2001
37,8:24.27,Helen Obiri,KEN,13.12.89,Monaco,15.07.2016
37,8:24.27+,Francine Niyonsaba,BDI,05.05.93,Eugene,27.05.2022
39,8:24.31,Gabriela Szabo,ROU,14.11.75,Paris,29.07.1998
40,8:24.41,Viola Kibiwott,KEN,22.12.83,Ad-Dawhah,09.05.2014
41,8:24.51+,Meseret Defar,ETH,19.11.83,Bruxelles,14.09.2007
42,8:24.58,Almaz Ayana,ETH,21.11.91,Ad-Dawhah,09.05.2014
43,8:24.66,Meseret Defar,ETH,19.11.83,Stockholm,25.07.2006
44,8:24.76,Margaret Chelimo,KEN,02.08.97,Ad-Dawhah,25.09.2020
45,8:25.01,Beatrice Chebet,KEN,05.03.00,Oslo,15.06.2023
46,8:25.03,Gabriela Szabo,ROU,14.11.75,Zürich,11.08.1999
47,8:25.13,Hyvin Kiyeng,KEN,13.01.92,Ad-Dawhah,25.09.2020
48,8:25.23,Gudaf Tsegay,ETH,23.06.97,Ad-Dawhah,25.09.2020
49,8:25.40,Yelena Zadorozhnaya,RUS,03.12.77,Roma,29.06.2001
50,8:25.56,Tatyana Tomashova,RUS,01.07.75,Roma,29.06.2001
51,8:25.59,Gabriela Szabo,ROU,14.11.75,Paris,21.07.1999
52,8:25.60,Helen Obiri,KEN,13.12.89,Ad-Dawhah,03.05.2019
53,8:25.62,Berhane Adere,ETH,21.07.73,Zürich,17.08.2001
54,8:25.82,Gabriela Szabo,ROU,14.11.75,Bruxelles,03.09.1999
55,8:25.83,Mary Slaney,USA,04.08.58,Roma,07.09.1985
56,8:25.90,Lilian Rengeruk,KEN,03.05.97,Oslo,15.06.2023
57,8:25.92,Gelete Burka,ETH,23.01.86,Stockholm,25.07.2006
58,8:26.07,Laura Weightman,GBR,07.01.91,Palo Alto,30.06.2019
59,8:26.14,Berhane Adere,ETH,21.07.73,Bruxelles,30.08.2002
59,8:26.14,Margaret Kipkemboi,KEN,09.02.93,Oslo,15.06.2023
61,8:26.15,Gabriela Szabo,ROU,14.11.75,Bruxelles,30.08.2002
62,8:26.20,Genzebe Dibaba,ETH,08.02.91,Ad-Dawhah,03.05.2019
63,8:26.21,Genzebe Dibaba,ETH,08.02.91,Ad-Dawhah,09.05.2014
64,8:26.31,Laura Weightman,GBR,07.01.91,Ad-Dawhah,25.09.2020
65,8:26.35,Gabriela Szabo,ROU,14.11.75,Zürich,11.08.2000
66,8:26.36,Mercy Cherono,KEN,07.05.91,Ad-Dawhah,06.05.2016
67,8:26.44,Gabriela Szabo,ROU,14.11.75,Roma,29.06.2001
68,8:26.48,Zahra Ouaziz,MAR,20.12.69,Zürich,11.08.1999
69,8:26.53,Tatyana Dorovskikh,UKR,12.08.61,Seoul,25.09.1988
70,8:26.54,Genzebe Dibaba,ETH,08.02.91,Zürich,03.09.2015
71,8:26.64,Zahra Ouaziz,MAR,20.12.69,Paris,21.07.1999
72,8:26.70+,Francine Niyonsaba,BDI,05.05.93,Eugene,20.08.2021
73,8:26.78,Svetlana Ulmasova,UZB,04.02.53,Kyiv,25.07.1982
74,8:26.79,Yelena Zadorozhnaya,RUS,03.12.77,Saint-Denis,06.07.2001
75,8:26.80,Francine Niyonsaba,BDI,05.05.93,Lausanne,26.08.2022
76,8:26.81,Alicia Monson,USA,13.05.98,Lausanne,26.08.2022
77,8:26.97,Paula Radcliffe,GBR,17.12.73,Roma,29.06.2001
78,8:27.01,Zahra Ouaziz,MAR,20.12.69,Bruxelles,03.09.1999
79,8:27.02,Tatyana Tomashova,RUS,01.07.75,Saint-Denis,06.07.2001
80,8:27.12,Lyudmila Bragina,RUS,24.07.43,College Park,07.08.1976
81,8:27.14,Beatrice Chebet,KEN,05.03.00,Lausanne,26.08.2022
82,8:27.15,Paula Ivan,ROU,20.07.63,Seoul,25.09.1988
83,8:27.17,Edith Masai,KEN,04.04.67,Stockholm,25.07.2006
84,8:27.18,Tatyana Tomashova,RUS,01.07.75,Bruxelles,30.08.2002
85,8:27.21,Gabriela Szabo,ROU,14.11.75,Oslo,30.06.1999
85,8:27.21,Gabriela Szabo,ROU,14.11.75,Saint-Denis,06.07.2001
87,8:27.24,Meseret Defar,ETH,19.11.83,Stuttgart,23.09.2007
88,8:27.25,Mercy Cherono,KEN,07.05.91,Monaco,15.07.2016
89,8:27.26,Zahra Ouaziz,MAR,20.12.69,Paris,29.07.1998
89,8:27.26,Helen Obiri,KEN,13.12.89,Palo Alto,30.06.2019
91,8:27.40,Paula Radcliffe,GBR,17.12.73,Zürich,11.08.1999
92,8:27.49,Beatrice Chebet,KEN,05.03.00,Ad-Dawhah,28.05.2021
93,8:27.50,Sifan Hassan,NED,01.01.93,Ostrava,08.09.2018
94,8:27.51,Agnes Tirop,KEN,23.10.95,Palo Alto,30.06.2019
95,8:27.57,Sonia O'Sullivan,IRL,28.11.69,Zürich,16.08.1995
96,8:27.58,Sonia O'Sullivan,IRL,28.11.69,Zürich,11.08.2000
97,8:27.62,Getenesh Wami,ETH,11.12.74,Zürich,17.08.2001
98,8:27.68,Wang Junxia,CHN,09.01.73,Jinan,06.06.1993
99,8:27.78,Gabriela Szabo,ROU,14.11.75,Zürich,13.08.1997
100,8:27.79,Gabriela Szabo,ROU,14.11.75,Roma,07.07.1999
101,8:27.83,Maricica Puica,ROU,29.07.50,Roma,07.09.1985
102,8:28.07,Paula Radcliffe,GBR,17.12.73,Zürich,17.08.2001
103,8:28.26,Zahra Ouaziz,MAR,20.12.69,Oslo,30.06.1999
104,8:28.27,Margaret Kipkemboi,KEN,09.02.93,Ad-Dawhah,28.05.2021
105,8:28.28,Sifan Hassan,NED,01.01.93,Lausanne,26.08.2022
106,8:28.33,Janet Kisa,KEN,05.03.92,Monaco,15.07.2016
107,8:28.36,Gabriela Szabo,ROU,14.11.75,Monaco,04.08.1999
108,8:28.40+,Letesenbet Gidey,ETH,20.03.98,Eugene,20.08.2021
109,8:28.41,Sentayehu Ejigu,ETH,21.06.85,Monaco,22.07.2010
110,8:28.49,Gelete Burka,ETH,23.01.86,Ad-Dawhah,06.05.2016
111,8:28.51,Irene Jelagat,KEN,10.12.88,Ad-Dawhah,09.05.2014
112,8:28.66,Zahra Ouaziz,MAR,20.12.69,Nice,16.07.1998
112,8:28.66,Vivian Cheruiyot,KEN,11.09.83,Stuttgart,23.09.2007
112,8:28.66,Beatrice Chepkoech,KEN,06.07.91,Monaco,21.07.2017
115,8:28.71,Qu Yunxia,CHN,25.12.72,Stuttgart,16.08.1993
116,8:28.72,Zahra Ouaziz,MAR,20.12.69,Roma,07.07.1999
117,8:28.74,Sonia O'Sullivan,IRL,28.11.69,Oslo,10.07.1993
118,8:28.80,Marta Domínguez,ESP,03.11.75,Zürich,11.08.2000
119,8:28.82,Sonia O'Sullivan,IRL,28.11.69,Nice,16.07.1998
120,8:28.83,Zola Pieterse,GBR,26.05.66,Roma,07.09.1985
121,8:28.85,Paula Radcliffe,GBR,17.12.73,Zürich,11.08.2000
122,8:28.87,Maryam Yusuf Jamal,BRN,16.09.84,Oslo,29.07.2005
123,8:28.90,Sifan Hassan,NED,01.01.93,Birmingham,20.08.2017
124,8:28.95,Mercy Cherono,KEN,07.05.91,Bruxelles,05.09.2014
125,8:28.96,Lilian Rengeruk,KEN,03.05.97,Ad-Dawhah,28.05.2021
126,8:29.02,Yvonne Murray,GBR,04.10.64,Seoul,25.09.1988
126,8:29.02,Lilian Rengeruk,KEN,03.05.97,Ad-Dawhah,03.05.2019
128,8:29.05,Caroline Kipkirui,KEN,26.05.94,Ad-Dawhah,04.05.2018
128,8:29.05,Margaret Kipkemboi,KEN,09.02.93,Lausanne,26.08.2022
130,8:29.06,Priscah Cherono,KEN,27.06.80,Stuttgart,23.09.2007
131,8:29.09,Agnes Tirop,KEN,23.10.95,Ad-Dawhah,04.05.2018
132,8:29.14,Lydia Cheromei,KEN,11.05.77,Zürich,11.08.2000
133,8:29.20,Maryam Yusuf Jamal,BRN,16.09.84,Monaco,22.07.2010
134,8:29.24,Getenesh Wami,ETH,11.12.74,Paris,29.07.1998
135,8:29.25,Zhang Linli,CHN,06.03.73,Stuttgart,16.08.1993
136,8:29.30,Qu Yunxia,CHN,25.12.72,Jinan,06.06.1993
137,8:29.36,Svetlana Guskova,MDA,19.08.59,Kyiv,25.07.1982
138,8:29.38,Sifan Hassan,NED,01.01.93,Bruxelles,05.09.2014
139,8:29.41,Genzebe Dibaba,ETH,08.02.91,Bruxelles,05.09.2014
140,8:29.43,Alicia Monson,USA,13.05.98,Oslo,15.06.2023
141,8:29.45,Maryam Yusuf Jamal,BRN,16.09.84,Zürich,19.08.2005
142,8:29.52,Mariem Alaoui Selsouli,MAR,08.04.84,Monaco,25.07.2007
143,8:29.55,Tirunesh Dibaba,ETH,01.10.85,London,28.07.2006
144,8:29.58,Jennifer Simpson,USA,23.08.86,Bruxelles,05.09.2014
145,8:29.59,Svetlana Guskova,MDA,19.08.59,Moskva,06.08.1984
146,8:29.60,Yvonne Murray,GBR,04.10.64,London,15.07.1994
147,8:29.69,Mary Slaney,USA,04.08.58,Köln,25.08.1985
148,8:29.71,Mary Slaney,USA,04.08.58,Oslo,07.07.1982
149,8:29.72,Getenesh Wami,ETH,11.12.74,Roma,07.07.1999
150,8:29.83,Getenesh Wami,ETH,11.12.74,Oslo,30.06.1999
150,8:29.83,Beatrice Chepkoech,KEN,06.07.91,Ad-Dawhah,03.05.2019
152,8:29.89,Konstanze Klosterhalfen,GER,18.02.97,Birmingham,20.08.2017
153,8:29.91,Caroline Kipkurui,KAZ,26.05.94,Ad-Dawhah,03.05.2019
154,8:29.93,Shannon Rowbury,USA,19.09.84,Bruxelles,05.09.2014
155,8:29.95,Elise Cranny,USA,09.05.96,Lausanne,26.08.2022
156,8:30.00,Mimi Belete,BRN,09.06.88,Ad-Dawhah,09.05.2014
157,8:30.01,Zahra Ouaziz,MAR,20.12.69,Nice,17.07.1999
158,8:30.03,Gabriela Szabo,ROU,14.11.75,Zürich,16.08.1995
159,8:30.09,Olga Yegorova,RUS,28.03.72,Bruxelles,24.08.2001
160,8:30.11,Margaret Kipkemboi,KEN,09.02.93,Birmingham,20.08.2017
161,8:30.12,Sonia O'Sullivan,IRL,28.11.69,Zürich,04.08.1993
162,8:30.14,Viola Kibiwott,KEN,22.12.83,Bruxelles,05.09.2014
163,8:30.15,Meseret Defar,ETH,19.11.83,Thessaloníki,13.09.2009
164,8:30.18,Mariya Konovalova,RUS,14.08.74,Zürich,11.08.1999
165,8:30.21,Helen Obiri,KEN,13.12.89,Birmingham,20.08.2017
166,8:30.22,Carla Sacramento,POR,10.12.71,Monaco,04.08.1999
167,8:30.25,Vivian Cheruiyot,KEN,11.09.83,Rieti,09.09.2007
168,8:30.28,Svetlana Ulmasova,UZB,04.02.53,Athínai,09.09.1982
169,8:30.29,Meseret Defar,ETH,19.11.83,Stockholm,22.08.2013
170,8:30.30,Yvonne Murray,GBR,04.10.64,Oslo,10.07.1993
170,8:30.30,Elise Cranny,USA,09.05.96,Paris,28.08.2021
172,8:30.32,Maricica Puica,ROU,29.07.50,Köln,25.08.1985
173,8:30.39,Irina Mikitenko,GER,23.08.72,Zürich,11.08.2000
174,8:30.43,Zahra Ouaziz,MAR,20.12.69,Hengelo,01.06.1998
174,8:30.43+,Almaz Ayana,ETH,21.11.91,Roma,02.06.2016
176,8:30.45,Yelena Romanova,RUS,20.03.63,Seoul,25.09.1988
177,8:30.51,Hyvin Kiyeng,KEN,13.01.92,Ad-Dawhah,04.05.2018
178,8:30.53,Laura Muir,GBR,09.05.93,Lausanne,26.08.2022
179,8:30.54,Stacey Ndiwa,KEN,06.12.92,Bruxelles,05.09.2014
179,8:30.54+,Sifan Hassan,NED,01.01.93,Eugene,20.08.2021
181,8:30.56,Tatyana Tomashova,RUS,01.07.75,Bruxelles,24.08.2001
182,8:30.59,Daniela Yordanova,BUL,08.03.76,Saint-Denis,06.07.2001
183,8:30.61,Vivian Cheruiyot,KEN,11.09.83,Thessaloníki,13.09.2009
184,8:30.64,Laura Muir,GBR,09.05.93,Monaco,21.07.2017
185,8:30.65,Daniela Yordanova,BUL,08.03.76,Roma,29.06.2001
185,8:30.65,Gloria Kite,KEN,29.12.98,Ad-Dawhah,03.05.2019
187,8:30.66,Fernanda Ribeiro,POR,23.06.69,Monaco,04.08.1999
188,8:30.70,Priscah Cherono,KEN,27.06.80,Rieti,09.09.2007
189,8:30.76,Fantu Worku,ETH,29.03.99,Paris,28.08.2021
190,8:30.80,Lydia Cheromei,KEN,11.05.77,Monaco,18.08.2000
191,8:30.83,Jennifer Simpson,USA,23.08.86,Ad-Dawhah,04.05.2018
192,8:30.86,Sonia O'Sullivan,IRL,28.11.69,Bruxelles,03.09.1993
193,8:30.93,Ayalew Wude,ETH,04.07.87,Thessaloníki,13.09.2009
194,8:30.95,Tegla Loroupe,KEN,09.05.73,Monaco,18.08.2000
195,8:30.96,Letesenbet Gidey,ETH,20.03.98,Ad-Dawhah,04.05.2018
196,8:31.00,Eilish McColgan,GBR,25.11.90,Birmingham,20.08.2017
197,8:31.23,Mercy Cherono,KEN,07.05.91,Stockholm,22.08.2013
198,8:31.27,Joanne Pavey,GBR,20.09.73,Bruxelles,30.08.2002
198,8:31.27,Edith Masai,KEN,04.04.67,Saint-Denis,01.07.2005
200,8:31.32,Isabella Ochichi,KEN,28.10.79,Saint-Denis,23.07.2004
201,8:31.36,Eilish McColgan,GBR,25.11.90,Paris,28.08.2021
202,8:31.38,Shannon Rowbury,USA,19.09.84,Monaco,22.07.2010
203,8:31.39,Eilish McColgan,GBR,25.11.90,Monaco,21.07.2017
204,8:31.40,Getenesh Wami,ETH,11.12.74,Bruxelles,24.08.2001
205,8:31.42,Isabella Ochichi,KEN,28.10.79,Oslo,29.07.2005
206,8:31.45,Berhane Adere,ETH,21.07.73,Bruxelles,24.08.2001
206,8:31.45,Caroline Kipkirui,KEN,26.05.94,Palo Alto,30.06.2019
208,8:31.61,Paula Radcliffe,GBR,17.12.73,Roma,07.07.1999
209,8:31.67,Maricica Puica,ROU,29.07.50,Bucuresti,14.08.1982
209,8:31.67,Natalya Artyomova,RUS,05.01.63,Seoul,25.09.1988
211,8:31.69,Lidia Chojecka,POL,25.01.77,Bruxelles,30.08.2002
212,8:31.75,Grete Waitz,NOR,01.10.53,Oslo,17.07.1979
213,8:31.76,Edith Masai,KEN,04.04.67,Zürich,17.08.2001
214,8:31.81,Jessica Hull,AUS,22.10.96,Sydney,11.03.2023
215,8:31.84,Sonia O'Sullivan,IRL,28.11.69,Helsinki,10.08.1994
215,8:31.84,Genzebe Dibaba,ETH,08.02.91,Lausanne,25.08.2016
217,8:31.85+,Beatrice Chepkoech,KEN,06.07.91,Valencia,07.10.2020
218,8:31.86,Vivian Cheruiyot,KEN,11.09.83,Ad-Dawhah,06.05.2016
219,8:31.88,Gabriela Szabo,ROU,14.11.75,Saint-Denis,05.07.2002
220,8:31.89,Berhane Adere,ETH,21.07.73,Zürich,19.08.2005
221,8:31.9+,Letesenbet Gidey,ETH,20.03.98,Paris,09.06.2023
221,8:31.9+,Beatrice Chepkoech,KEN,06.07.91,Paris,09.06.2023
221,8:31.90,Gabriela Szabo,ROU,14.11.75,Bruxelles,24.08.2001
224,8:31.94,Elvan Abeylegesse,TUR,11.09.82,Bruxelles,30.08.2002
225,8:31.95,Zhang Lirong,CHN,03.03.73,Stuttgart,16.08.1993
226,8:32.0,Tatyana Pozdnyakova,UKR,04.03.56,Ryazan,11.08.1984
226,8:32.00,Elana Meyer,RSA,10.10.66,Durban,29.04.1991
228,8:32.02,Paula Radcliffe,GBR,17.12.73,Bruxelles,24.08.2001
229,8:32.07+,Letesenbet Gidey,ETH,20.03.98,Eugene,27.05.2022
230,8:32.08,Tatyana Kazankina,RUS,17.12.51,Leningrad,27.07.1983
231,8:32.1,Grete Waitz,NOR,01.10.53,Oslo,27.06.1978
231,8:32.1+,Faith Kipyegon,KEN,10.01.94,Paris,09.06.2023
231,8:32.10,Fantu Worku,ETH,29.03.99,Palo Alto,30.06.2019
234,8:32.13,Janet Kisa,KEN,05.03.92,Ad-Dawhah,06.05.2016
235,8:32.17,Angela Chalmers,CAN,06.09.63,Victoria,23.08.1994
236,8:32.18,Mimi Belete,BRN,09.06.88,Monaco,22.07.2010
237,8:32.21,Agnes Tirop,KEN,23.10.95,Birmingham,18.08.2018
238,8:32.23,Mariya Konovalova,RUS,14.08.74,Monaco,04.08.1999
239,8:32.31,Berhane Adere,ETH,21.07.73,Saint-Denis,05.07.2002
240,8:32.33+,Almaz Ayana,ETH,21.11.91,Rabat,22.05.2016
241,8:32.43,Yvonne Murray,GBR,04.10.64,Bruxelles,03.09.1993
242,8:32.45,Carla Sacramento,POR,10.12.71,Bruxelles,03.09.1999
243,8:32.49,Senbere Teferi,ETH,03.05.95,Ostrava,08.09.2018
244,8:32.50,Weini Kelati Frezghi,USA,01.12.96,Oslo,15.06.2023
245,8:32.53,Sifan Hassan,ETH,01.01.93,Stockholm,22.08.2013
245,8:32.53,Sarah Chelangat,UGA,05.06.01,Oslo,15.06.2023
247,8:32.62,Yvonne Murray,GBR,04.10.64,London,23.07.1993
247,8:32.62,Agnes Ngetich,KEN,23.01.00,Oslo,15.06.2023
249,8:32.66,Janet Kisa,KEN,05.03.92,Bruxelles,05.09.2014
250,8:32.70,Katalin Szentgyörgyi,HUN,01.01.79,Saint-Denis,06.07.2001
251,8:32.73,Lilian Rengeruk,KEN,03.05.97,Monaco,21.07.2017
252,8:32.76,Berhane Adere,ETH,21.07.73,Zürich,16.08.2002
253,8:32.80,Ayelech Worku,ETH,12.06.79,Bruxelles,30.08.2002
254,8:32.81,Elana Meyer,RSA,10.10.66,Oslo,10.07.1993
255,8:32.89,Alesya Turova,BLR,06.12.79,Saint-Denis,06.07.2001
255,8:32.89,Irina Mikitenko,GER,23.08.72,Zürich,17.08.2001
257,8:32.91,Mary Slaney,USA,04.08.58,London,20.07.1985
258,8:32.96,Margaret Kipkemboi,KEN,09.02.93,Palo Alto,30.06.2019
259,8:33.00,Sonia O'Sullivan,IRL,28.11.69,Gateshead,28.08.2000
260,8:33.01,Tatyana Kazankina,RUS,17.12.51,Praha,16.08.1984
261,8:33.02,Olga Yegorova,RUS,28.03.72,Oslo,30.06.1999
262,8:33.07,Dong Yanmei,CHN,16.02.77,Athínai,28.06.2000
263,8:33.12,Tegla Loroupe,KEN,09.05.73,Zürich,11.08.2000
264,8:33.13,Lilian Rengeruk,KEN,03.05.97,Ad-Dawhah,04.05.2018
265,8:33.16,Svetlana Ulmasova,UZB,04.02.53,Praha,29.08.1978
266,8:33.17,Berhane Adere,ETH,21.07.73,London,28.07.2006
267,8:33.29,Gudaf Tsegay,ETH,23.06.97,Ad-Dawhah,03.05.2019
268,8:33.33,Maricica Puica,ROU,29.07.50,Athínai,09.09.1982
268,8:33.33+,Genzebe Dibaba,ETH,08.02.91,Eugene,30.05.2015
270,8:33.35,Lidia Chojecka,POL,25.01.77,Saint-Denis,23.06.2000
271,8:33.36,Tegla Loroupe,KEN,09.05.73,Monaco,04.08.1999
272,8:33.37,Lilian Rengeruk,KEN,03.05.97,Zagreb,04.09.2018
273,8:33.38,Sonia O'Sullivan,IRL,28.11.69,Stuttgart,16.08.1993
273,8:33.38,Shannon Rowbury,USA,19.09.84,Monaco,21.07.2017
275,8:33.40,Galina Zakharova,RUS,07.09.56,Kyiv,25.07.1982
275,8:33.40,Sonia O'Sullivan,IRL,28.11.69,Hengelo,20.06.1993
275,8:33.40,Tatyana Tomashova,RUS,01.07.75,Zürich,16.08.2002
278,8:33.42,Tsehay Gemechu,ETH,12.12.98,Ad-Dawhah,25.09.2020
279,8:33.43,Almaz Ayana,ETH,21.11.91,Bruxelles,05.09.2014
279,8:33.43,Lilian Rengeruk,KEN,03.05.97,Birmingham,18.08.2018
281,8:33.47,Karoline Bjerkeli Grøvdal,NOR,14.06.90,Paris,28.08.2021
282,8:33.53,Natalia Marasescu,ROU,03.10.52,Praha,29.08.1978
282,8:33.53,Yelena Sipatova,RUS,07.06.55,Moskva,12.07.1980
282,8:33.53,Lydia Cheromei,KEN,11.05.77,Athínai,28.06.2000
285,8:33.57,Maricica Puica,ROU,29.07.50,Bucuresti,10.07.1984
285,8:33.57,Meseret Defar,ETH,19.11.83,New York City,11.06.2005
287,8:33.59,Isabella Ochichi,KEN,28.10.79,Saint-Denis,01.07.2005
288,8:33.6+,Ejgayehu Taye,ETH,10.02.00,Paris,09.06.2023
289,8:33.61,Norah Jeruto Tanui,KEN,02.10.95,Zagreb,04.09.2018
290,8:33.62,Sonia O'Sullivan,IRL,28.11.69,Zürich,16.08.2002
291,8:33.63,Meskerem Mamo,ETH,13.04.99,Ad-Dawhah,04.05.2018
292,8:33.66,Vivian Cheruiyot,KEN,11.09.83,Gateshead,31.08.2008
293,8:33.72,Yelena Romanova,RUS,20.03.63,Köln,16.08.1992
294,8:33.78,Maricica Puica,ROU,29.07.50,London,07.08.1982
294,8:33.78,Tirunesh Dibaba,ETH,01.10.85,Athínai,16.09.2006
294,8:33.78,Gudaf Tsegay,ETH,23.06.97,Zagreb,04.09.2018
297,8:33.79,Joanne Pavey,GBR,20.09.73,Oslo,29.07.2005
297,8:33.79,Lilian Rengeruk,KEN,03.05.97,Birmingham,20.08.2017
299,8:33.83,Edith Masai,KEN,04.04.67,Zürich,16.08.2002
300,8:33.84,Getenesh Wami,ETH,11.12.74,Nice,16.07.1998
301,8:33.85,Asmae Leghzaoui,MAR,30.08.76,Monaco,18.08.2000
302,8:33.87,Asmae Leghzaoui,MAR,30.08.76,Saint-Denis,06.07.2001
303,8:33.9,Tatyana Sychova,RUS,29.11.57,Moskva,12.07.1980
304,8:33.94,Edith Masai,KEN,04.04.67,Saint-Denis,05.07.2002
305,8:33.95,Gabriela Szabo,ROU,14.11.75,Zürich,15.08.2003
306,8:33.96,Helen Obiri,KEN,13.12.89,Lausanne,25.08.2016
307,8:33.97,Elly van Hulst,NED,09.06.59,Zürich,17.08.1988
307,8:33.97,Viola Kibiwott,KEN,22.12.83,Stockholm,22.08.2013
309,8:33.98,Helen Obiri,KEN,13.12.89,Ad-Dawhah,28.05.2021
310,8:33.99,Olga Bondarenko,RUS,02.06.60,Stuttgart,28.08.1986
311,8:34.0,Faina Krasnova,RUS,07.12.57,Moskva,12.07.1980
312,8:34.02,Alla Yushina,RUS,20.08.58,Leningrad,27.07.1983
313,8:34.03,Yasemin Can,TUR,11.12.96,Ad-Dawhah,03.05.2019
314,8:34.05,Gladys Cherono,KEN,12.05.83,Stockholm,22.08.2013
315,8:34.06,Yelena Sipatova,RUS,07.06.55,Athínai,09.09.1982
316,8:34.09,Gabriela Szabo,ROU,14.11.75,Saint-Denis,04.07.2003
317,8:34.10,Ingrid Kristiansen,NOR,21.03.56,Zürich,13.08.1986
318,8:34.18,Sally Kipyego,KEN,19.12.85,Bruxelles,05.09.2014
319,8:34.19,Lidia Chojecka,POL,25.01.77,Oslo,30.06.1999
320,8:34.2+,Freweyni Hailu,ETH,12.02.01,Paris,09.06.2023
321,8:34.22,Meseret Defar,ETH,19.11.83,Stuttgart,10.09.2006
322,8:34.25,Helen Obiri,KEN,13.12.89,Stockholm,22.08.2013
323,8:34.30,Maricica Puica,ROU,29.07.50,Bucuresti,12.07.1981
324,8:34.31,Sonia O'Sullivan,IRL,28.11.69,Oslo,21.07.1995
324,8:34.31+,Helen Obiri,KEN,13.12.89,Eugene,20.08.2021
326,8:34.32,Senbere Teferi,ETH,03.05.95,Zürich,03.09.2015
327,8:34.33,Grete Waitz,NOR,01.10.53,Praha,29.08.1978
328,8:34.35,Tatyana Pozdnyakova,UKR,04.03.56,Sochi,09.06.1984
329,8:34.4+,Lemlem Hailu,ETH,25.05.01,Paris,09.06.2023
330,8:34.41,Susan Krumins,NED,08.07.86,Birmingham,20.08.2017
331,8:34.43,Zola Pieterse,GBR,26.05.66,Belfast,30.06.1986
331,8:34.43,Shannon Rowbury,USA,19.09.84,Stockholm,22.08.2013
331,8:34.43,Jennifer Simpson,USA,23.08.86,Zürich,03.09.2015
334,8:34.47,Mariem Alaoui Selsouli,MAR,08.04.84,Eugene,02.06.2012
335,8:34.49,Mercy Cherono,KEN,07.05.91,Lausanne,25.08.2016
336,8:34.50,Viola Kibiwott,KEN,22.12.83,Ad-Dawhah,06.05.2016
337,8:34.51,Isabella Ochichi,KEN,28.10.79,Zürich,19.08.2005
338,8:34.53,Tatyana Tomashova,RUS,01.07.75,Athínai,28.06.2000
338,8:34.53+,Meseret Defar,ETH,19.11.83,Stockholm,22.07.2008
340,8:34.58,Vivian Cheruiyot,KEN,11.09.83,Lausanne,08.07.2010
341,8:34.60,Galina Zakharova,RUS,07.09.56,Leningrad,27.07.1983
342,8:34.62,Mary Slaney,USA,04.08.58,Helsinki,10.08.1983
342,8:34.62,Elana Meyer,RSA,10.10.66,Zürich,04.08.1993
344,8:34.65,Berhane Adere,ETH,21.07.73,Monaco,19.07.2002
344,8:34.65,Kalkidan Gezahegne,BRN,08.05.91,Zagreb,04.09.2018
344,8:34.65,Lemlem Hailu,ETH,25.05.01,Ad-Dawhah,03.05.2019
344,8:34.65,Caroline Kipkurui,KAZ,26.05.94,Lausanne,26.08.2022
348,8:34.66,Joanne Pavey,GBR,20.09.73,Saint-Denis,01.07.2005
349,8:34.67,Irene Jelagat,KEN,10.12.88,Bruxelles,05.09.2014
350,8:34.69,Mary Slaney,USA,04.08.58,Zürich,17.08.1988
351,8:34.70,Carla Sacramento,POR,10.12.71,Oslo,30.06.1999
352,8:34.73,Meselech Melkamu,ETH,19.04.85,Zürich,19.08.2005
352,8:34.73,Mimi Belete,BRN,09.06.88,Bruxelles,05.09.2014
354,8:34.74,Tirunesh Dibaba,ETH,01.10.85,Stuttgart,10.09.2006
355,8:34.79,Edith Masai,KEN,04.04.67,Monaco,20.07.2001
356,8:34.80,Tatyana Pozdnyakova,UKR,04.03.56,Leningrad,11.07.1981
357,8:34.81,Paula Radcliffe,GBR,17.12.73,Oslo,30.06.1999
358,8:34.85,Zhor El Kamch,MAR,15.03.73,Saint-Denis,04.07.2003
358,8:34.85,Liliya Shobukhova,RUS,13.11.77,Tula,05.06.2004
358,8:34.85,Caroline Nyaga,KEN,10.07.93,Oslo,15.06.2023
361,8:34.9,Olga Bondarenko,RUS,02.06.60,Podolsk,12.08.1986
361,8:34.9+,Margaret Kipkemboi,KEN,09.02.93,Paris,09.06.2023
363,8:34.91,Mary Slaney,USA,04.08.58,Los Angeles,23.06.1984
364,8:34.99,Fernanda Ribeiro,POR,23.06.69,Monaco,18.08.2000
364,8:34.99,Kara Goucher,USA,09.07.78,Rieti,09.09.2007
366,8:35.02,Libbie Hickman,USA,17.02.65,Gateshead,28.08.2000
367,8:35.03,Jennifer Rhines,USA,01.07.74,Monaco,25.07.2007
368,8:35.05,Maricica Puica,ROU,29.07.50,Bucuresti,30.06.1984
368,8:35.05,Zhang Lirong,CHN,03.03.73,Jinan,06.06.1993
370,8:35.06,Svetlana Guskova,MDA,19.08.59,Leningrad,27.07.1983
371,8:35.10,Zhor El Kamch,MAR,15.03.73,Bruxelles,30.08.2002
372,8:35.11,Brigitte Kraus,FRG,12.08.56,Helsinki,10.08.1983
372,8:35.11,Yelena Zadorozhnaya,RUS,03.12.77,Saint-Denis,01.07.2005
374,8:35.13,Tatyana Kazankina,RUS,17.12.51,Helsinki,10.08.1983
375,8:35.20,Yelena Sipatova,RUS,07.06.55,Kyiv,25.07.1982
376,8:35.23,Agnes Tirop,KEN,23.10.95,Birmingham,20.08.2017
377,8:35.26,Ebru Kavaklioglu,TUR,14.03.70,Bruxelles,24.08.2001
377,8:35.26,Lidia Chojecka,POL,25.01.77,Monaco,19.07.2002
379,8:35.28,Paula Radcliffe,GBR,17.12.73,Zürich,13.08.1997
380,8:35.31,Tatyana Pozdnyakova,UKR,04.03.56,Kyiv,25.07.1982
380,8:35.31,Kimberley Smith,NZL,19.11.81,Monaco,25.07.2007
382,8:35.32,Zola Pieterse,GBR,26.05.66,Moskva,17.08.1985
383,8:35.34,Shalane Flanagan,USA,07.08.81,Monaco,25.07.2007
384,8:35.37,Agnes Tirop,KEN,23.10.95,Monaco,21.07.2017
385,8:35.41,Bouchra Ghézielle,FRA,19.05.79,Saint-Denis,01.07.2005
386,8:35.42,Sonia O'Sullivan,IRL,28.11.69,Nice,10.07.1996
387,8:35.45,Svetlana Ulmasova,UZB,04.02.53,Cottbus,25.06.1982
387,8:35.45,Tatyana Pozdnyakova,UKR,04.03.56,Roma,31.08.1984
389,8:35.48,Yelena Romanova,RUS,20.03.63,Hengelo,20.06.1993
389,8:35.48,Mercy Cherono,KEN,07.05.91,Zürich,03.09.2015
391,8:35.5+,Lilian Rengeruk,KEN,03.05.97,Paris,09.06.2023
391,8:35.50,Yelena Zadorozhnaya,RUS,03.12.77,Lausanne,01.07.2003
391,8:35.50,Ayalew Wude,ETH,04.07.87,Monaco,29.07.2008
394,8:35.55,Svetlana Ulmasova,UZB,04.02.53,Helsinki,10.08.1983
394,8:35.55,Fantu Worku,ETH,29.03.99,Lausanne,26.08.2022
396,8:35.65,Roberta Brunet,ITA,20.05.65,Monaco,16.08.1997
397,8:35.72,Zola Pieterse,RSA,26.05.66,Durban,29.04.1991
398,8:35.74,Alla Libutina,TJK,02.01.53,Kyiv,25.07.1982
398,8:35.74,Zamira Zaytseva,UZB,16.02.53,Moskva,17.08.1985
398,8:35.74,Leah Malot,KEN,07.06.72,Roma,07.07.1999
401,8:35.76+,Merima Denboba,ETH,21.08.74,Oslo,15.06.2007
401,8:35.76,Beyenu Degefu,ETH,12.07.99,Ad-Dawhah,04.05.2018
403,8:35.77,Shannon Rowbury,USA,19.09.84,Birmingham,20.08.2017
404,8:35.78,Lemlem Hailu,ETH,25.05.01,Ad-Dawhah,25.09.2020
405,8:35.82,Tatyana Dorovskikh,UKR,12.08.61,Tokyo,26.08.1991
405,8:35.82,Tatyana Tomashova,RUS,01.07.75,Saint-Denis,05.07.2002
407,8:35.83,Anita Weyermann,SUI,08.12.77,Roma,07.07.1999
407,8:35.83,Elvan Abeylegesse,TUR,11.09.82,Ad-Dawhah,14.05.2004
409,8:35.86,Natalia Rodríguez,ESP,02.06.79,Huelva,10.06.2009
410,8:35.88,Ingrid Kristiansen,NOR,21.03.56,Nice,15.07.1986
411,8:35.89,Sally Barsosio,KEN,21.03.78,Monaco,16.08.1997
411,8:35.89,Sally Kipyego,KEN,19.12.85,Eugene,02.06.2012
413,8:35.9+,Grace Nawowuna,KEN,10.11.03,Paris,09.06.2023
414,8:35.92,Maricica Puica,ROU,29.07.50,Stuttgart,28.08.1986
414,8:35.92,Kimberley Smith,NZL,19.11.81,Rieti,09.09.2007
416,8:35.93,Maureen Koster,NED,07.03.92,Oslo,15.06.2023
417,8:35.94,Ejegayehu Dibaba,ETH,21.03.82,London,28.07.2006
418,8:35.96,Maricica Puica,ROU,29.07.50,Los Angeles,10.08.1984
419,8:35.97,Mercy Cherono,KEN,07.05.91,Rieti,08.09.2013
420,8:35.99+,Meseret Defar,ETH,19.11.83,Bruxelles,25.08.2006
421,8:36.0,Lyubov Smolka,UKR,29.11.52,Moskva,12.07.1980
421,8:36.00,Tatyana Dorovskikh,UKR,12.08.61,Tallinn,22.06.1986
423,8:36.03,Jessica Hull,AUS,22.10.96,Ad-Dawhah,25.09.2020
424,8:36.05,Yvonne Murray,GBR,04.10.64,Edinburgh,19.07.1991
425,8:36.06,Yelena Romanova,RUS,20.03.63,Tokyo,26.08.1991
426,8:36.07,Gabriela Szabo,ROU,14.11.75,Monaco,10.08.1996
427,8:36.08,Susan Krumins,NED,08.07.86,Bruxelles,05.09.2014
428,8:36.09,Meseret Defar,ETH,19.11.83,Lausanne,08.07.2010
429,8:36.1+,Vivian Cheruiyot,KEN,11.09.83,Oslo,15.06.2007
430,8:36.11,Lydia Cheromei,KEN,11.05.77,Zürich,13.08.1997
430,8:36.11,Paula Radcliffe,GBR,17.12.73,Gateshead,28.08.2000
432,8:36.12,Roberta Brunet,ITA,20.05.65,Monaco,10.08.1996
433,8:36.17+,Almaz Ayana,ETH,21.11.91,Saint-Denis,04.07.2015
434,8:36.20,Olga Bondarenko,RUS,02.06.60,Sochi,09.06.1984
434,8:36.20,Helen Obiri,KEN,13.12.89,Ostrava,08.09.2018
434,8:36.20,Sheila Chelangat,KEN,11.04.98,Ad-Dawhah,28.05.2021
437,8:36.22,Getenesh Wami,ETH,11.12.74,Oslo,29.07.2005
438,8:36.24,Zhor El Kamch,MAR,15.03.73,Gateshead,13.07.2003
438,8:36.24,Yasemin Can,TUR,11.12.96,Ad-Dawhah,04.05.2018
440,8:36.25,Dong Yanmei,CHN,16.02.77,Saint-Denis,23.06.2000
440,8:36.25,Berhane Adere,ETH,21.07.73,Saint-Denis,04.07.2003
442,8:36.26,Helen Obiri,KEN,13.12.89,Birmingham,18.08.2018
442,8:36.26,Senbere Teferi,ETH,03.05.95,Palo Alto,30.06.2019
444,8:36.29,Grete Waitz,NOR,01.10.53,Christchurch,20.01.1979
445,8:36.32,Svetlana Ulmasova,UZB,04.02.53,Montréal,25.08.1979
445,8:36.32,Svetlana Guskova,MDA,19.08.59,Cottbus,25.06.1982
447,8:36.33,Marta Domínguez,ESP,03.11.75,Bruxelles,24.08.2001
448,8:36.35,Gabriela Szabo,ROU,14.11.75,Paris,19.06.1999
449,8:36.37,Tatyana Tomashova,RUS,01.07.75,Nice,08.07.2000
450,8:36.38,Ulrike Bruns,GDR,17.11.53,Berlin,20.07.1984
451,8:36.39,Werknesh Kidane,ETH,21.11.81,New York City,11.06.2005
452,8:36.4+,Agnes Ngetich,KEN,23.01.00,Paris,09.06.2023
452,8:36.40,Olga Dvirna,RUS,11.02.53,Sochi,30.05.1982
454,8:36.43,Edith Masai,KEN,04.04.67,Zürich,06.08.2004
455,8:36.45,Ma Ningning,CHN,01.06.76,Jinan,06.06.1993
456,8:36.46,Meseret Defar,ETH,19.11.83,Monaco,19.09.2004
457,8:36.48,Yvonne Murray,GBR,04.10.64,Helsinki,10.08.1994
458,8:36.51,Mary Slaney,USA,04.08.58,Zürich,24.08.1983
458,8:36.51,Ulrike Bruns,GDR,17.11.53,Moskva,17.08.1985
460,8:36.53,Marta Domínguez,ESP,03.11.75,Huelva,10.06.2009
460,8:36.53+,Almaz Ayana,ETH,21.11.91,Shanghai,17.05.2015
462,8:36.54,Tatyana Kazankina,RUS,17.12.51,Sochi,30.05.1982
463,8:36.56,Elvan Abeylegesse,TUR,11.09.82,Zürich,16.08.2002
464,8:36.58,Joanne Pavey,GBR,20.09.73,Bruxelles,24.08.2001
465,8:36.60,Lidia Chojecka,POL,25.01.77,Stockholm,25.07.2006
466,8:36.63,Yvonne Murray,GBR,04.10.64,Edinburgh,19.06.1992
467,8:36.70,Joanne Pavey,GBR,20.09.73,Gateshead,28.08.2000
467,8:36.70,Konstanze Klosterhalfen,GER,18.02.97,Paris,28.08.2021
469,8:36.76,Fernanda Ribeiro,POR,23.06.69,Nice,17.07.1999
470,8:36.77,Mary Slaney,USA,04.08.58,Koblenz,31.08.1983
471,8:36.8,Grete Waitz,NOR,01.10.53,Oslo,02.08.1977
472,8:36.82,Edith Masai,KEN,04.04.67,Monaco,14.09.2003
473,8:36.86,Elly Henes,USA,13.10.98,Oslo,15.06.2023
474,8:36.87,Alemitu Haroye,ETH,09.05.95,Bruxelles,05.09.2014
475,8:36.9+,Mercy Cherono,KEN,07.05.91,Eugene,31.05.2014
475,8:36.90,Irene Jelagat,KEN,10.12.88,Hengelo,24.05.2015
477,8:36.92,Getenesh Wami,ETH,11.12.74,Nice,08.07.2000
478,8:36.96,Sonia O'Sullivan,IRL,28.11.69,Saint-Denis,23.06.2000
479,8:37.00,Genzebe Dibaba,ETH,08.02.91,Stockholm,22.08.2013
480,8:37.03,Roberta Brunet,ITA,20.05.65,Zürich,13.08.1997
481,8:37.04,Grete Waitz,NOR,01.10.53,Oslo,05.07.1979
481,8:37.04,Alla Yushina,RUS,20.08.58,Kyiv,25.07.1982
481,8:37.04,Maricica Puica,ROU,29.07.50,Firenze,13.06.1984
484,8:37.06,Wendy Sly,GBR,05.11.59,Helsinki,10.08.1983
485,8:37.07,Galina Zakharova,RUS,07.09.56,Donetsk,08.09.1984
485,8:37.07,Yvonne Graham,JAM,22.08.65,Zürich,16.08.1995
485,8:37.07,Paula Radcliffe,GBR,17.12.73,Monaco,10.08.1996
488,8:37.09,Norah Jeruto Tanui,KEN,02.10.95,Ad-Dawhah,04.05.2018
489,8:37.1+,Viola Kibiwott,KEN,22.12.83,Eugene,31.05.2014
490,8:37.11,Doina Melinte,ROU,27.12.56,Bucuresti,15.06.1986
491,8:37.12,Ayalew Wude,ETH,04.07.87,Zagreb,31.08.2009
492,8:37.14,Fernanda Ribeiro,POR,23.06.69,Nice,16.07.1997
493,8:37.15,Yvonne Murray,GBR,04.10.64,Stuttgart,28.08.1986
494,8:37.17,Ines Chenonge,KEN,01.02.82,Thessaloníki,13.09.2009
495,8:37.20,Sentayehu Ejigu,ETH,21.06.85,Lausanne,08.07.2010
496,8:37.21,Susan Krumins,NED,08.07.86,Zagreb,04.09.2018
497,8:37.22,Yvonne Murray,GBR,04.10.64,Nice,10.07.1988
498,8:37.25,Vicki Huber,USA,29.05.67,Seoul,25.09.1988
499,8:37.3,Grete Waitz,NOR,01.10.53,Larvik,10.08.1979
499,8:37.3+,Shannon Rowbury,USA,19.09.84,Eugene,31.05.2014
499,8:37.30,Lynn Williams,CAN,11.07.60,Zürich,17.08.1988
499,8:37.30,Kristina da Fonseca-Wöllheim,GER,10.02.72,Bruxelles,03.09.1999
503,8:37.31,Lilian Rengeruk,KEN,03.05.97,Palo Alto,30.06.2019
504,8:37.32,Tatyana Pozdnyakova,UKR,04.03.56,Leningrad,27.07.1983
505,8:37.38,Lynn Williams,CAN,11.07.60,Köln,25.08.1985
506,8:37.40,Olga Dvirna,RUS,11.02.53,Leningrad,27.07.1983
506,8:37.40,Yelena Zadorozhnaya,RUS,03.12.77,Monaco,14.09.2003
506,8:37.40,Shelby Houlihan,USA,08.02.93,Monaco,21.07.2017
509,8:37.46,Sally Barsosio,KEN,21.03.78,Zürich,13.08.1997
510,8:37.47,Sylvia Kibet,KEN,28.03.84,Rieti,08.09.2013
511,8:37.48,Sylvia Kibet,KEN,28.03.84,Monaco,22.07.2010
512,8:37.5,Zola Pieterse,RSA,26.05.66,Stellenbosch,29.02.1984
512,8:37.50,Meraf Bahta,SWE,24.06.89,Monaco,21.07.2017
514,8:37.54,Margaret Kipkemboi,KEN,09.02.93,Lausanne,25.08.2016
515,8:37.55,Lydia Cheromei,KEN,11.05.77,Saint-Denis,23.06.2000
515,8:37.55,Sonia O'Sullivan,IRL,28.11.69,Zürich,15.08.2003
517,8:37.58,Getenesh Wami,ETH,11.12.74,Milano,07.06.2000
517,8:37.58,Asmae Leghzaoui,MAR,30.08.76,Roma,29.06.2001
517,8:37.58,Karoline Bjerkeli Grøvdal,NOR,14.06.90,Monaco,21.07.2017
520,8:37.6,Tatyana Pozdnyakova,UKR,04.03.56,Donetsk,06.09.1980
521,8:37.62,Natalia Marasescu,ROU,03.10.52,Århus,05.07.1978
522,8:37.63,Svetlana Guskova,MDA,19.08.59,Donetsk,08.09.1984
522,8:37.63,Ines Chenonge,KEN,01.02.82,Lausanne,08.07.2010
524,8:37.65,Tegla Loroupe,KEN,09.05.73,Nice,08.07.2000
524,8:37.65,Yelena Zadorozhnaya,RUS,03.12.77,Monaco,19.09.2004
526,8:37.66,Isabella Ochichi,KEN,28.10.79,Monaco,19.07.2002
527,8:37.68,Isabella Ochichi,KEN,28.10.79,Madrid,17.07.2004
527,8:37.68,Alemaz Samuel,ETH,05.07.99,Zagreb,04.09.2018
529,8:37.69,Anita Weyermann,SUI,08.12.77,Zürich,13.08.1997
529,8:37.69+,Meseret Defar,ETH,19.11.83,Carson,20.05.2007
531,8:37.70,Wendy Sly,GBR,05.11.59,Seoul,25.09.1988
531,8:37.70,Francine Niyonsaba,BDI,05.05.93,Ad-Dawhah,13.05.2022
533,8:37.76,Alla Yushina,RUS,20.08.58,Berlin,20.07.1984
533,8:37.76,Pauline Konga,KEN,10.04.70,Monaco,10.08.1996
535,8:37.78,Dolores Checa,ESP,27.12.82,Monaco,29.07.2008
536,8:37.8,Grete Waitz,NOR,01.10.53,Oslo,03.08.1978
537,8:37.81,Asmae Leghzaoui,MAR,30.08.76,Nice,17.07.1999
538,8:37.84,Maricica Puica,ROU,29.07.50,Köln,17.08.1986
538,8:37.84+,Elvan Abeylegesse,TUR,11.09.82,Bergen,11.06.2004
540,8:37.85,Elana Meyer,RSA,10.10.66,London,23.07.1993
541,8:37.89,Joanne Pavey,GBR,20.09.73,Monaco,14.09.2003
542,8:37.92,Sonia O'Sullivan,IRL,28.11.69,Köln,16.08.1992
542,8:37.92,Lydia Cheromei,KEN,11.05.77,Monaco,16.08.1997
542,8:37.92+,Priscah Cherono,KEN,27.06.80,Bruxelles,14.09.2007
545,8:37.96,Agnese Possamai,ITA,17.01.53,Helsinki,10.08.1983
546,8:37.97,Joanne Pavey,GBR,20.09.73,Gateshead,13.07.2003
546,8:37.97,Margaret Muriuki,KEN,21.03.86,Monaco,22.07.2010
548,8:37.98,Tatyana Pozdnyakova,UKR,04.03.56,Bucuresti,16.09.1984
549,8:38.0+,Mimi Belete,BRN,09.06.88,Eugene,31.05.2014
549,8:38.00,Olga Yegorova,RUS,28.03.72,Saint-Denis,04.07.2003
551,8:38.01,Betsy Saina,KEN,30.06.88,Bruxelles,05.09.2014
552,8:38.02,Jackline Maranga,KEN,16.12.77,Paris,29.07.1998
553,8:38.03,Gabriela Szabo,ROU,14.11.75,Annecy,22.06.2002
554,8:38.04,Konstanze Klosterhalfen,GER,18.02.97,Ostrava,08.09.2018
555,8:38.05,Nuria Fernández,ESP,16.08.76,Huelva,09.06.2010
555,8:38.05,Faith Kipyegon,KEN,10.01.94,Ad-Dawhah,13.05.2022
557,8:38.06,Tegla Loroupe,KEN,09.05.73,Zürich,11.08.1999
557,8:38.06,Benita Willis,AUS,06.05.79,Gateshead,13.07.2003
559,8:38.1,Yelena Vyazova,UKR,18.04.60,Kharkov,11.08.1985
559,8:38.1,Ulrike Bruns,GDR,17.11.53,Potsdam,14.06.1987
561,8:38.12,Sonia O'Sullivan,IRL,28.11.69,London,10.09.1993
562,8:38.13,Marina Bastos,POR,07.07.71,Sevilla,28.05.1999
562,8:38.13,Yamna Belkacem,FRA,20.02.74,Oslo,30.06.1999
564,8:38.19,Svetlana Ulmasova,UZB,04.02.53,Leningrad,27.07.1983
565,8:38.20,Zola Pieterse,GBR,26.05.66,Stuttgart,28.08.1986
566,8:38.22,Olga Kuzyukova,RUS,17.03.53,Leningrad,27.07.1983
567,8:38.23,Elizabeth McColgan,GBR,24.05.64,Nice,15.07.1991
568,8:38.24,Olga Yegorova,RUS,28.03.72,Roma,07.07.1999
569,8:38.27+,Genzebe Dibaba,ETH,08.02.91,Roma,08.06.2017
570,8:38.30,Lidia Chojecka,POL,25.01.77,Monaco,25.07.2007
571,8:38.31,Meseret Defar,ETH,19.11.83,Monaco,14.09.2003
572,8:38.32,Etenesh Diro,ETH,10.05.91,Ad-Dawhah,06.05.2016
573,8:38.34,Alla Yushina,RUS,20.08.58,Leningrad,11.07.1981
574,8:38.36,Mary Slaney,USA,04.08.58,Indianapolis,19.06.1983
575,8:38.38,Angela Chalmers,CAN,06.09.63,Auckland,28.01.1990
576,8:38.40,Ulrike Bruns,GDR,17.11.53,Zürich,22.08.1984
577,8:38.42,Alison Wyeth,GBR,26.05.64,Stuttgart,16.08.1993
577,8:38.42,Angela Chalmers,CAN,06.09.63,Victoria,27.07.1994
577,8:38.42,Liliya Shobukhova,RUS,13.11.77,Birmingham,20.08.2006
577,8:38.42+,Tirunesh Dibaba,ETH,01.10.85,Rieti,07.09.2008
581,8:38.43,Lynn Williams,CAN,11.07.60,Seoul,25.09.1988
582,8:38.45,Elana Meyer,RSA,10.10.66,Köln,16.08.1992
582,8:38.45,Benita Willis,AUS,06.05.79,Madrid,19.07.2003
584,8:38.46,Ebru Kavaklioglu,TUR,14.03.70,Monaco,20.07.2001
585,8:38.47,Laura Muir,GBR,09.05.93,Hengelo,24.05.2015
586,8:38.48,Paula Ivan,ROU,20.07.63,Gateshead,05.08.1989
586,8:38.48,Hawi Feysa,ETH,01.02.99,Lausanne,26.08.2022
588,8:38.49,Eilish McColgan,GBR,25.11.90,Birmingham,18.08.2018
589,8:38.5,Yelena Vyazova,UKR,18.04.60,Moskva,15.08.1987
590,8:38.51,Yvonne Murray,GBR,04.10.64,Nice,10.07.1989
590,8:38.51,Mercy Cherono,KEN,07.05.91,Monaco,20.07.2012
590,8:38.51,Gabriela DeBues-Stafford,CAN,13.09.95,Pheonix,06.02.2021
593,8:38.55,Beleynesh Oljira,ETH,26.06.90,Ostrava,20.05.2016
594,8:38.6+,Mercy Cherono,KEN,07.05.91,Birmingham,24.08.2014
594,8:38.60,Grete Waitz,NOR,01.10.53,Montréal,25.08.1979
594,8:38.60,Cindy Bremser,USA,05.05.53,Zürich,22.08.1984
597,8:38.61,Kalkidan Gezahegne,ETH,08.05.91,Thessaloníki,13.09.2009
598,8:38.65,Meskerem Mamo,ETH,13.04.99,Turku,05.06.2018
599,8:38.67+,Vivian Cheruiyot,KEN,11.09.83,Stockholm,29.07.2011
600,8:38.69,Sally Barsosio,KEN,21.03.78,Nice,16.07.1997
601,8:38.71,Cornelia Bürki,SUI,03.10.53,London,20.07.1985
602,8:38.72,Angela Chalmers,CAN,06.09.63,London,15.07.1994
603,8:38.73,Mary Slaney,USA,04.08.58,Oslo,15.07.1980
603,8:38.73,Tatyana Dorovskikh,UKR,12.08.61,Roma,01.09.1987
605,8:38.75,Ines Chenonge,KEN,01.02.82,Huelva,09.06.2010
606,8:38.76,Elana Meyer,RSA,10.10.66,Reims,30.06.1993
606,8:38.76,Ebru Kavaklioglu,TUR,14.03.70,Bruxelles,30.08.2002
608,8:38.77,Lidia Chojecka,POL,25.01.77,Paris,19.06.1999
609,8:38.79,Alison Wyeth,GBR,26.05.64,London,23.07.1993
610,8:38.80,Joanne Pavey,GBR,20.09.73,London,28.07.2006
611,8:38.83,Mariana Chirila,ROU,07.09.64,Moskva,06.07.1986
611,8:38.83+,Ejegayehu Dibaba,ETH,21.03.82,Oslo,06.06.2008
613,8:38.84,Natalya Artyomova,RUS,05.01.63,Kyiv,20.06.1984
613,8:38.84,Paula Radcliffe,GBR,17.12.73,Sheffield,02.08.1998
615,8:38.86,Lydia Cheromei,KEN,11.05.77,Hengelo,31.05.1997
615,8:38.86,Vivian Cheruiyot,KEN,11.09.83,Stuttgart,10.09.2006
617,8:38.9+,Viola Kibiwott,KEN,22.12.83,Birmingham,24.08.2014
618,8:38.91,Maricica Puica,ROU,29.07.50,Bucuresti,15.06.1986
618,8:38.91,Vivian Cheruiyot,KEN,11.09.83,Zürich,03.09.2015
620,8:38.96,Alesya Turova,BLR,06.12.79,Monaco,20.07.2001
621,8:38.97,Marie-Pierre Duros,FRA,07.06.67,Nice,10.07.1989
621,8:38.97,Linet Masai,KEN,05.12.89,Rieti,09.09.2007
623,8:38.98,Tatyana Pozdnyakova,UKR,04.03.56,Athínai,09.09.1982
623,8:38.98,Ebru Kavaklioglu,TUR,14.03.70,Bruxelles,03.09.1999
625,8:38.99,Sonia O'Sullivan,IRL,28.11.69,Cork,06.06.2002
626,8:39.00,Zola Pieterse,RSA,26.05.66,Durban,02.04.1983
627,8:39.02,Tatyana Pozdnyakova,UKR,04.03.56,Donetsk,08.09.1984
628,8:39.03,Norah Jeruto Tanui,KEN,02.10.95,Turku,05.06.2018
629,8:39.06,Maricica Puica,ROU,29.07.50,Zürich,13.08.1986
629,8:39.06,Yimenashu Taye,ETH,01.01.79,Zürich,11.08.2000
631,8:39.07,Sylvia Kibet,KEN,28.03.84,Rieti,29.08.2010
631,8:39.07,Gloria Kite,KEN,29.12.98,Turku,05.06.2018
633,8:39.08+,Paula Radcliffe,GBR,17.12.73,Bydgoszcz,20.06.2004
634,8:39.1+,Genzebe Dibaba,ETH,08.02.91,Birmingham,24.08.2014
634,8:39.1+,Irene Jelagat,KEN,10.12.88,Birmingham,24.08.2014
636,8:39.11,Elana Meyer,RSA,10.10.66,Gateshead,17.07.1992
637,8:39.13,Agnes Tirop,KEN,23.10.95,Rieti,08.09.2013
638,8:39.14,Alesya Turova,BLR,06.12.79,Roma,29.06.2001
638,8:39.14,Asmae Leghzaoui,MAR,30.08.76,Zürich,17.08.2001
638,8:39.14,Sylvia Kibet,KEN,28.03.84,Monaco,20.07.2012
641,8:39.16,Lidia Chojecka,POL,25.01.77,Monaco,19.09.2004
642,8:39.18,Jackline Maranga,KEN,16.12.77,Oslo,30.06.1999
642,8:39.18,Renata Plis,POL,05.02.85,Bruxelles,05.09.2014
644,8:39.19,Svetlana Ulmasova,UZB,04.02.53,Moskva,06.07.1986
645,8:39.20,Melissa Courtney-Bryant,GBR,30.08.93,Birmingham,18.08.2018
646,8:39.21+,Genzebe Dibaba,ETH,08.02.91,Eugene,26.05.2017
647,8:39.22,Getenesh Wami,ETH,11.12.74,Kekrade,03.06.2000
648,8:39.25,Regina Chistyakova,LTU,08.01.61,Moskva,06.07.1986
649,8:39.26,Berhane Adere,ETH,21.07.73,Monaco,14.09.2003
650,8:39.27,Elizabeth McColgan,GBR,24.05.64,Edinburgh,19.07.1991
650,8:39.27,Sifan Hassan,NED,01.01.93,Chorzów,06.08.2022
652,8:39.28,Olga Bondarenko,RUS,02.06.60,Kyiv,20.06.1984
652,8:39.28,Paula Ivan,ROU,20.07.63,Bucuresti,14.06.1987
652,8:39.28,Lynn Williams,CAN,11.07.60,Nice,10.07.1988
655,8:39.29,Irina Mikitenko,GER,23.08.72,Zürich,15.08.2003
655,8:39.29,Ines Chenonge,KEN,01.02.82,Stuttgart,10.09.2006
657,8:39.33,Sonia O'Sullivan,IRL,28.11.69,Eugene,26.05.1996
658,8:39.34,Rose Cheruiyot,KEN,21.07.76,Monaco,10.08.1996
659,8:39.36,Marla Runyan,USA,04.01.69,Eugene,26.05.2002
660,8:39.41,Susan Sirma,KEN,26.05.66,Tokyo,26.08.1991
660,8:39.41+,Genzebe Dibaba,ETH,08.02.91,Oslo,11.06.2015
662,8:39.45,Maricica Puica,ROU,29.07.50,Roma,01.09.1987
663,8:39.46,Yvonne Murray,GBR,04.10.64,Auckland,28.01.1990
663,8:39.46,Beyenu Degefu,ETH,12.07.99,Turku,05.06.2018
665,8:39.47,Wendy Sly,GBR,05.11.59,Los Angeles,10.08.1984
665,8:39.47,Karoline Bjerkeli Grøvdal,NOR,14.06.90,Monaco,15.07.2016
665,8:39.47,Yasemin Can,TUR,11.12.96,Ad-Dawhah,28.05.2021
668,8:39.51,Ayelech Worku,ETH,12.06.79,Roma,07.07.1999
668,8:39.51,Werknesh Kidane,ETH,21.11.81,Saint-Denis,04.07.2003
670,8:39.52,Yelena Vyazova,UKR,18.04.60,Kyiv,20.06.1984
671,8:39.53,Bouchra Ghézielle,FRA,19.05.79,Zürich,19.08.2005
672,8:39.56,Ingrid Kristiansen,NOR,21.03.56,Oslo,21.07.1984
672,8:39.56,Regina Jacobs,USA,28.08.63,Edwardsville,25.07.1998
674,8:39.65,Buze Diriba,ETH,09.02.94,Monaco,20.07.2012
674,8:39.65,Susan Krumins,NED,08.07.86,Rieti,08.09.2013
676,8:39.67,Lan Lixin,CHN,14.02.79,Athínai,28.06.2000
677,8:39.69,Yelena Romanova,RUS,20.03.63,Stuttgart,16.08.1993
677,8:39.69,Lidia Chojecka,POL,25.01.77,Athínai,16.09.2006
679,8:39.7+,Betsy Saina,KEN,30.06.88,Birmingham,24.08.2014
679,8:39.70,Paula Ivan,ROU,20.07.63,Pitesti,25.06.1989
681,8:39.71,Tatyana Kazankina,RUS,17.12.51,Kyiv,20.06.1984
682,8:39.74,Wei Li,CHN,29.06.72,Beijing,13.09.1993
683,8:39.75,Meseret Defar,ETH,19.11.83,Ad-Dawhah,13.05.2005
683,8:39.75,Vivian Cheruiyot,KEN,11.09.83,Rabat,14.06.2015
685,8:39.76,Sonia O'Sullivan,IRL,28.11.69,Hengelo,28.06.1992
686,8:39.78,Fernanda Ribeiro,POR,23.06.69,Zürich,11.08.1999
686,8:39.78+,Konstanze Klosterhalfen,GER,18.02.97,Eugene,20.08.2021
688,8:39.82,Fernanda Ribeiro,POR,23.06.69,Sevilla,28.05.1999
689,8:39.83,Shannon Rowbury,USA,19.09.84,Monaco,20.07.2012
690,8:39.84,Yelena Zadorozhnaya,RUS,03.12.77,Annecy,22.06.2002
690,8:39.84,Mercy Cherono,KEN,07.05.91,New York City,14.06.2014
692,8:39.85,Elizabeth McColgan,GBR,24.05.64,Nice,13.07.1987
692,8:39.85,Zhor El Kamch,MAR,15.03.73,Monaco,19.07.2002
694,8:39.86,Amy Rudolph,USA,18.09.73,Zürich,11.08.2000
695,8:39.87,Berhane Adere,ETH,21.07.73,Ad-Dawhah,13.05.2005
696,8:39.88,Rose Cheruiyot,KEN,21.07.76,Monaco,18.08.2000
696,8:39.88,Sonia O'Sullivan,IRL,28.11.69,Eugene,26.05.2002
696,8:39.88,Quailyne Jebiwott Kiprop,KEN,01.05.99,Ad-Dawhah,25.09.2020
696,8:39.88,Hawi Feysa,ETH,01.02.99,Ad-Dawhah,28.05.2021
700,8:39.89,Asmae Leghzaoui,MAR,30.08.76,Lausanne,04.07.2001
701,8:39.90,Gelete Burka,ETH,23.01.86,Ad-Dawhah,13.05.2005
702,8:39.91,Zakia Mrisho,TAN,19.02.84,Zürich,19.08.2005
702,8:39.91+,Faith Kipyegon,KEN,10.01.94,Eugene,30.05.2015
704,8:39.92,Shannon Rowbury,USA,19.09.84,Zürich,03.09.2015
705,8:39.94,Margareta Keszeg,ROU,31.08.65,Nice,15.07.1992
705,8:39.94,Sonia O'Sullivan,IRL,28.11.69,Monaco,09.09.1995
707,8:39.95+,Alemitu Haroye,ETH,09.05.95,Eugene,30.05.2015
707,8:39.95,Svetlana Aplachkina,RUS,28.11.92,Rovereto,31.08.2021
709,8:39.99+,Liliya Shobukhova,RUS,13.11.77,Kazan,19.07.2008
709,8:39.99,Irene Jelagat,KEN,10.12.88,Rabat,14.06.2015
711,8:40.00,Isabella Ochichi,KEN,28.10.79,Stockholm,25.07.2006
712,8:40.01,Azemra Gebru,ETH,05.05.92,Monaco,20.07.2012
713,8:40.02,Ines Chenonge,KEN,01.02.82,Zürich,16.08.2002
714,8:40.03,Edith Masai,KEN,04.04.67,Stockholm,27.07.2004
715,8:40.08,Gabriela Szabo,ROU,14.11.75,Helsinki,10.08.1994
715,8:40.08,Meselech Melkamu,ETH,19.04.85,Lausanne,08.07.2010
715,8:40.08,Margaret Chelimo,KEN,02.08.97,Ad-Dawhah,03.05.2019
715,8:40.08,Alicia Monson,USA,13.05.98,Paris,28.08.2021
719,8:40.09,Sylvia Kibet,KEN,28.03.84,Stuttgart,10.09.2006
720,8:40.10,Cornelia Bürki,SUI,03.10.53,Nice,16.07.1985
721,8:40.11,Getenesh Wami,ETH,11.12.74,Moskva,05.09.1998
722,8:40.12,Peninah Chepchumba,KEN,14.01.85,Monaco,29.07.2008
723,8:40.14,Berhane Adere,ETH,21.07.73,Monaco,16.08.1997
723,8:40.14,Viola Kibiwott,KEN,22.12.83,Zürich,15.08.2003
725,8:40.15,Sally Barsosio,KEN,21.03.78,Zürich,11.08.2000
726,8:40.16,Maricica Puica,ROU,29.07.50,Bucuresti,13.07.1985
727,8:40.20,Galina Zakharova,RUS,07.09.56,Kyiv,20.06.1984
728,8:40.22,Zola Pieterse,GBR,26.05.66,London,06.07.1984
728,8:40.22,Sonia O'Sullivan,IRL,28.11.69,London,27.08.1995
728,8:40.22,Joanne Pavey,GBR,20.09.73,Monaco,19.09.2004
731,8:40.23,Grete Waitz,NOR,01.10.53,Oslo,01.07.1980
731,8:40.23,Susanne Wigene,NOR,12.02.78,Zürich,19.08.2005
731,8:40.23,Colleen Quigley,USA,20.11.92,Pheonix,06.02.2021
734,8:40.25,Karissa Schweizer,USA,04.05.96,Pheonix,06.02.2021
735,8:40.27,Lynn Williams,CAN,11.07.60,Roma,07.09.1985
736,8:40.28,Meseret Defar,ETH,19.11.83,Bruxelles,30.08.2002
737,8:40.29,Mercy Cherono,KEN,07.05.91,Rabat,05.06.2022
738,8:40.3,Sonia O'Sullivan,IRL,28.11.69,Cork,23.06.1996
738,8:40.30,Ulrike Bruns,GDR,17.11.53,Roma,01.09.1987
738,8:40.30,Zhang Lirong,CHN,03.03.73,Shanghai,16.05.1993
741,8:40.31,Cornelia Bürki,SUI,03.10.53,Roma,01.09.1987
742,8:40.32,Maryam Yusuf Jamal,ETH,16.09.84,Zürich,06.08.2004
742,8:40.32,Amy-Eloise Markovc,GBR,05.08.95,Rabat,05.06.2022
744,8:40.33,Elise Cranny,USA,09.05.96,Pheonix,06.02.2021
744,8:40.33+,Konstanze Klosterhalfen,GER,18.02.97,Eugene,27.05.2022
746,8:40.34,Ingrid Kristiansen,NOR,21.03.56,London,20.07.1985
746,8:40.34,Olga Bondarenko,RUS,02.06.60,Nice,15.07.1986
748,8:40.35,Tatyana Dorovskikh,UKR,12.08.61,Stuttgart,28.08.1986
749,8:40.38,Marie-Pierre Duros,FRA,07.06.67,Nice,15.07.1992
749,8:40.38,Yimenashu Taye,ETH,01.01.79,Milano,07.06.2000
751,8:40.4,Nina Yapeyeva,RUS,03.01.56,Moskva,12.07.1980
751,8:40.40,Paula Radcliffe,GBR,17.12.73,Stuttgart,16.08.1993
753,8:40.42,Tatyana Pozdnyakova,UKR,04.03.56,Moskva,06.08.1981
753,8:40.42,Renata Plis,POL,05.02.85,Stockholm,22.08.2013
755,8:40.44,Gabriela Szabo,ROU,14.11.75,Paris,25.06.1997
756,8:40.45,Zahra Ouaziz,MAR,20.12.69,Moskva,05.09.1998
757,8:40.46,Berhane Adere,ETH,21.07.73,Sevilla,28.05.1999
757,8:40.46,Elena Burkard,GER,10.02.92,Rovereto,31.08.2021
759,8:40.47,Sylvia Kibet,KEN,28.03.84,Lausanne,08.07.2010
760,8:40.48,Olga Churbanova,RUS,16.07.65,Helsinki,10.08.1994
761,8:40.50,Svetlana Guskova,MDA,19.08.59,Moskva,19.07.1984
762,8:40.51,Olga Yegorova,RUS,28.03.72,Paris,19.06.1999
763,8:40.53,Natalya Artyomova,RUS,05.01.63,Praha,16.08.1984
763,8:40.53,Sonia O'Sullivan,IRL,28.11.69,Nice,08.07.2000
763,8:40.53+,Almaz Ayana,ETH,21.11.91,Saint-Denis,06.07.2013
766,8:40.55,Yamna Belkacem,FRA,20.02.74,Bruxelles,03.09.1999
766,8:40.55,Priscah Cherono,KEN,27.06.80,Ostrava,30.05.2006
768,8:40.58+,Beatrice Chebet,KEN,05.03.00,Eugene,27.05.2022
769,8:40.59,Mercy Cherono,KEN,07.05.91,Lausanne,23.08.2012
770,8:40.60,Ines Chenonge,KEN,01.02.82,Zagreb,31.08.2009
771,8:40.65,Betsy Saina,KEN,30.06.88,New York City,14.06.2014
772,8:40.71,Susan Sirma,KEN,26.05.66,Nice,15.07.1991
772,8:40.71+,Berhane Adere,ETH,21.07.73,Milano,02.06.2004
774,8:40.72,Maricica Puica,ROU,29.07.50,Helsinki,07.07.1986
774,8:40.72,Elana Meyer,RSA,10.10.66,Stellenbosch,18.03.1991
774,8:40.72,Florence Kiplagat,KEN,27.02.87,Lausanne,08.07.2010
777,8:40.73,Asmae Leghzaoui,MAR,30.08.76,Roma,07.07.1999
778,8:40.74,Regina Chistyakova,LTU,08.01.61,Kyiv,16.07.1986
778,8:40.74,Yelena Vyazova,UKR,18.04.60,Stuttgart,28.08.1986
778,8:40.74,Beleynesh Oljira,ETH,26.06.90,Monaco,22.07.2010
781,8:40.76,Marie-Pierre Duros,FRA,07.06.67,Stockholm,03.07.1991
781,8:40.76,Alice Timbilil,KEN,01.02.83,Saint-Denis,01.07.2005
781,8:40.76,Mercy Cherono,KEN,07.05.91,Rovereto,31.08.2021
784,8:40.78,Lyudmila Borisova,RUS,08.03.66,Stuttgart,16.08.1993
785,8:40.79,Hawi Feysa,ETH,01.02.99,Palo Alto,30.06.2019
786,8:40.80,Haftamnesh Tesfaye,ETH,28.04.94,Ostrava,20.05.2016
787,8:40.81,Veronica Nyaruai Wanjiru,KEN,29.10.89,Monaco,20.07.2012
787,8:40.81+,Laura Galván,MEX,05.10.91,Eugene,27.05.2022
789,8:40.82,Paula Radcliffe,GBR,17.12.73,Zürich,16.08.1995
789,8:40.82,Liliya Shobukhova,RUS,13.11.77,Saint-Denis,01.07.2005
791,8:40.84,Nozomi Tanaka,JPN,04.09.99,Abashiri,10.07.2021
792,8:40.85,Elly van Hulst,NED,09.06.59,Zürich,16.08.1989
793,8:40.88,Eilish McColgan,GBR,25.11.90,Ad-Dawhah,25.09.2020
794,8:40.89,Maricica Puica,ROU,29.07.50,Roma,31.08.1984
795,8:40.90,Brigitte Kraus,FRG,12.08.56,Firenze,13.06.1984
796,8:40.94,Maricica Puica,ROU,29.07.50,Praha,29.08.1978
797,8:40.95,Tegla Loroupe,KEN,09.05.73,Paris,21.07.1999
798,8:40.96,Tatyana Pozdnyakova,UKR,04.03.56,Kyiv,27.08.1983
798,8:40.96,Loice Chemnung,KEN,22.02.97,Ad-Dawhah,03.05.2019
798,8:40.96,Ejgayehu Taye,ETH,10.02.00,Chorzów,06.08.2022
801,8:40.97,Margareta Keszeg,ROU,31.08.65,Hengelo,28.06.1992
801,8:40.97,Kathy Butler,GBR,22.10.73,Bruxelles,24.08.2001
801,8:40.97,Jessica Hull,AUS,22.10.96,Ad-Dawhah,13.05.2022
804,8:40.98,Patti Sue Plumer,USA,27.04.62,New Orleans,22.06.1992
804,8:40.98,Stephanie Twell,GBR,17.08.89,Monaco,15.07.2016
806,8:40.99,Uta Pippig,GER,07.09.65,Zürich,04.08.1993
806,8:40.99,Meselech Melkamu,ETH,19.04.85,Ostrava,30.05.2006
808,8:41.01,Danielle Jones,USA,21.08.96,Rovereto,31.08.2021
809,8:41.05,Raisa Sadreydinova,RUS,09.05.50,Leningrad,27.07.1983
809,8:41.05,Yin Lili,CHN,11.11.79,Saint-Denis,23.06.2000
811,8:41.06,Yelena Romanova,RUS,20.03.63,Sankt Peterburg,24.07.1994
812,8:41.07,Zhanna Tursunova,RUS,23.10.57,Kyiv,20.06.1984
812,8:41.07,Galina Zakharova,RUS,07.09.56,Moskva,06.08.1984
812,8:41.07,Elana Meyer,RSA,10.10.66,Dakar,18.04.1992
812,8:41.07,Elizabeth McColgan,GBR,24.05.64,Edinburgh,19.06.1992
816,8:41.08,Maricica Puica,ROU,29.07.50,Bodo,05.07.1981
817,8:41.09+,Jiang Bo,CHN,13.03.77,Shanghai,23.10.1997
818,8:41.11,Pauline Korikwiang,KEN,01.03.88,Lausanne,08.07.2010
819,8:41.14+,Meseret Defar,ETH,19.11.83,Bruxelles,05.09.2008
820,8:41.15,Yelena Romanova,RUS,20.03.63,Bruxelles,11.09.1987
820,8:41.15+,Senbere Teferi,ETH,03.05.95,Rabat,13.07.2018
822,8:41.17,Carla Sacramento,POR,10.12.71,Saint-Denis,06.07.2001
823,8:41.19,Cindy Bremser,USA,05.05.53,Los Angeles,23.06.1984
824,8:41.21,Mercy Cherono,KEN,07.05.91,Birmingham,26.08.2012
825,8:41.22,Gelete Burka,ETH,23.01.86,Stuttgart,10.09.2006
825,8:41.22,Vivian Cheruiyot,KEN,11.09.83,Birmingham,26.08.2012
827,8:41.23,Julia Vaquero,ESP,18.09.70,Nice,10.07.1996
827,8:41.23,Leah Malot,KEN,07.06.72,Monaco,18.08.2000
829,8:41.27,Asmae Leghzaoui,MAR,30.08.76,Paris,21.07.1999
830,8:41.28,Shelly Steely,USA,23.10.62,New Orleans,22.06.1992
831,8:41.29,Yelena Zadorozhnaya,RUS,03.12.77,Kazan,09.07.2004
831,8:41.29,Emily Infeld,USA,21.03.90,Oslo,15.06.2023
833,8:41.3,Lyubov Smolka,UKR,29.11.52,Kaunas,11.08.1979
833,8:41.30,Päivi Tikkanen,FIN,19.01.60,Tokyo,26.08.1991
835,8:41.33,Yelena Romanova,RUS,20.03.63,Roma,01.09.1987
835,8:41.33,Dominique Scott,RSA,24.06.92,Monaco,21.07.2017
837,8:41.34,Susanne Wigene,NOR,12.02.78,Oslo,29.07.2005
838,8:41.35,Nozomi Tanaka,JPN,04.09.99,Fukagawa,08.07.2020
839,8:41.36,Marina Bastos,POR,07.07.71,Zürich,11.08.1999
840,8:41.37,Linet Masai,KEN,05.12.89,Lausanne,08.07.2010
840,8:41.37,Konstanze Klosterhalfen,GER,18.02.97,Birmingham,18.08.2018
842,8:41.38,Yelena Zadorozhnaya,RUS,03.12.77,Zürich,19.08.2005
842,8:41.38+,Helen Obiri,KEN,13.12.89,Shanghai,13.05.2017
842,8:41.38,Yasemin Can,TUR,11.12.96,Ad-Dawhah,13.05.2022
845,8:41.4,Svetlana Guskova,MDA,19.08.59,Riga,06.07.1984
846,8:41.41,Yelena Romanova,RUS,20.03.63,Oslo,10.07.1993
847,8:41.42,Elana Meyer,RSA,10.10.66,Port Elisabeth,17.05.1993
847,8:41.42,Olga Churbanova,RUS,16.07.65,Roma,08.06.1995
847,8:41.42,Olga Churbanova,RUS,16.07.65,Monaco,09.09.1995
847,8:41.42,Anita Weyermann,SUI,08.12.77,Hengelo,31.05.1997
847,8:41.42,Sonia O'Sullivan,IRL,28.11.69,Zürich,06.08.2004
847,8:41.42,Kara Goucher,USA,09.07.78,Athínai,16.09.2006
847,8:41.42,Medina Eisa,ETH,03.01.05,Rabat,05.06.2022
854,8:41.43,Joan Hansen,USA,18.07.58,Los Angeles,23.06.1984
854,8:41.43,Emily Infeld,USA,21.03.90,Rieti,08.09.2013
856,8:41.45,Leah Malot,KEN,07.06.72,Ad-Dawhah,13.05.1999
857,8:41.46,Shannon Rowbury,USA,19.09.84,London,26.07.2013
858,8:41.47,Svetlana Guskova,MDA,19.08.59,Kyiv,20.06.1984
859,8:41.49,Elvan Abeylegesse,TUR,11.09.82,Istanbul,09.06.2002
860,8:41.51,Lyudmila Borisova,RUS,08.03.66,Zürich,16.08.1995
860,8:41.51,Lilian Rengeruk,KEN,03.05.97,London,21.07.2018
862,8:41.52,Jessica Hull,AUS,22.10.96,Lausanne,26.08.2022
863,8:41.53,Jessica Augusto,POR,08.11.81,Monaco,25.07.2007
864,8:41.54,Iulia Ionescu,ROU,03.07.65,Bucuresti,19.06.1988
864,8:41.54,Yamna Belkacem,FRA,20.02.74,Monaco,18.08.2000
864,8:41.54+,Meselech Melkamu,ETH,19.04.85,Roma,11.07.2008
864,8:41.54,Senbere Teferi,ETH,03.05.95,Ad-Dawhah,09.05.2014
868,8:41.56,Joanne Pavey,GBR,20.09.73,Stuttgart,10.09.2006
869,8:41.58,Werknesh Kidane,ETH,21.11.81,Monaco,19.07.2002
870,8:41.6,Grete Waitz,NOR,01.10.53,Steinkjer,11.08.1978
870,8:41.6,Faina Krasnova,RUS,07.12.57,Kaunas,11.08.1979
872,8:41.61,Margaret Kipkemboi,KEN,09.02.93,Chorzów,06.08.2022
873,8:41.64,Elana Meyer,RSA,10.10.66,Belville,24.04.1993
874,8:41.67,Zhong Huandi,CHN,28.06.67,Beijing,13.09.1993
874,8:41.67+,Letesenbet Gidey,ETH,20.03.98,Monaco,14.08.2020
876,8:41.68,Svetlana Ulmasova,UZB,04.02.53,Tallinn,22.06.1986
876,8:41.68+,Meseret Defar,ETH,19.11.83,Stockholm,06.08.2010
878,8:41.69,Eva Cherono,KEN,15.08.96,Turku,05.06.2018
879,8:41.71,Lyudmila Borisova,RUS,08.03.66,Helsinki,10.08.1994
880,8:41.72,Lyubov Smolka,UKR,29.11.52,Donetsk,08.09.1984
881,8:41.74,Rose Cheruiyot,KEN,21.07.76,Roma,29.06.2001
882,8:41.76,Beyenu Degefu,ETH,12.07.99,Bydgoszcz,20.07.2016
883,8:41.77,Raisa Smekhnova,BLR,16.09.50,College Park,07.08.1976
884,8:41.78,Elizabeth McColgan,GBR,24.05.64,London,19.06.1991
884,8:41.78,Eloise Wellings,AUS,09.11.82,Athínai,16.09.2006
886,8:41.79,Tatyana Pozdnyakova,UKR,04.03.56,Bucuresti,28.06.1981
887,8:41.8,Giana Romanova,RUS,10.03.55,Moskva,12.07.1980
888,8:41.81,Gloria Kite,KEN,29.12.98,Rabat,05.06.2022
889,8:41.83,Lidia Chojecka,POL,25.01.77,Zagreb,31.08.2009
889,8:41.83,Susan Krumins,NED,08.07.86,London,21.07.2018
891,8:41.84,Sylvia Kibet,KEN,28.03.84,Montreuil,08.06.2010
892,8:41.85,Priscah Cherono,KEN,27.06.80,Ad-Dawhah,13.05.2005
892,8:41.85,Elvan Abeylegesse,TUR,11.09.82,Castellón,30.05.2009
894,8:41.86,Sonia O'Sullivan,IRL,28.11.69,Bruxelles,28.08.1992
894,8:41.86,Tirunesh Dibaba,ETH,01.10.85,Bruxelles,30.08.2002
894,8:41.86,Susan Krumins,NED,08.07.86,Stockholm,22.08.2013
897,8:41.88,Girmawit Gebrzihair,ETH,21.11.01,Ad-Dawhah,13.05.2022
898,8:41.89,Joanne Pavey,GBR,20.09.73,Villeneuve d'Ascq,15.06.2003
899,8:41.91,Yelena Romanova,RUS,20.03.63,Moskva,12.06.1992
900,8:41.93,Viola Kibiwott,KEN,22.12.83,Zürich,03.09.2015
900,8:41.93,Nozomi Tanaka,JPN,04.09.99,Rovereto,30.08.2022
902,8:41.96,Zhor El Kamch,MAR,15.03.73,Milano,07.06.2000
902,8:41.96+,Helen Obiri,KEN,13.12.89,Bruxelles,01.09.2017
902,8:41.96,Alicia Monson,USA,13.05.98,Chorzów,06.08.2022
905,8:41.97,Annette Peters,USA,31.05.65,London,15.07.1994
906,8:41.98,Elena Fidatov,ROU,24.07.60,Hengelo,31.05.1997
907,8:41.99,Yvonne Murray,GBR,04.10.64,London,10.09.1993
907,8:41.99,Fernanda Ribeiro,POR,23.06.69,Lausanne,05.07.1995
909,8:42.01,Alice Timbilil,KEN,01.02.83,Saint-Denis,23.07.2004
909,8:42.01,Selah Busienei,KEN,27.12.91,Ad-Dawhah,06.05.2016
911,8:42.02,Margareta Keszeg,ROU,31.08.65,Tokyo,26.08.1991
912,8:42.03,Galina Bogomalova,RUS,15.10.77,Saint-Denis,01.07.2005
913,8:42.04,Svetlana Guskova,MDA,19.08.59,Nice,15.07.1986
913,8:42.04,Tirunesh Dibaba,ETH,01.10.85,Gateshead,11.06.2006
913,8:42.04,Priscah Cherono,KEN,27.06.80,Gateshead,31.08.2008
916,8:42.05,Shelly Steely,USA,23.10.62,Köln,16.08.1992
917,8:42.07,Yvonne Murray,GBR,04.10.64,Lausanne,15.09.1987
918,8:42.09,Yelena Vyazova,UKR,18.04.60,Kyiv,16.07.1986
918,8:42.09,Annette Peters,USA,31.05.65,Nice,15.07.1992
918,8:42.09,Mercy Cherono,KEN,07.05.91,Rieti,29.08.2010
921,8:42.10,Derebe Alemu,ETH,05.06.83,Oslo,29.07.2005
922,8:42.11,Mariya Konovalova,RUS,14.08.74,Rieti,30.08.1998
922,8:42.11,Ayelech Worku,ETH,12.06.79,Ad-Dawhah,13.05.1999
924,8:42.12,Patti Sue Plumer,USA,27.04.62,Lausanne,27.06.1989
925,8:42.13,Fernanda Ribeiro,POR,23.06.69,Sankt Peterburg,24.07.1994
926,8:42.14,Lynn Williams,CAN,11.07.60,Los Angeles,10.08.1984
927,8:42.15,Maricica Puica,ROU,29.07.50,Bucuresti,01.08.1982
927,8:42.15,Maricica Puica,ROU,29.07.50,Zürich,19.08.1987
927,8:42.15,Yvonne Murray,GBR,04.10.64,Zürich,16.08.1989
927,8:42.15,Karissa Schweizer,USA,04.05.96,Palo Alto,30.06.2019
931,8:42.16,Elena Fidatov,ROU,24.07.60,Bucuresti,14.06.1987
932,8:42.17,Paula Ivan,ROU,20.07.63,Lausanne,27.06.1989
933,8:42.19,Olga Bondarenko,RUS,02.06.60,Leningrad,04.08.1985
933,8:42.19,Natalya Artyomova,RUS,05.01.63,Kyiv,30.07.1988
933,8:42.19,Meskerem Mamo,ETH,13.04.99,Rovereto,23.08.2018
933,8:42.19+,Gudaf Tsegay,ETH,23.06.97,Samorín,09.06.2022
937,8:42.2,Tatyana Pozdnyakova,UKR,04.03.56,Podolsk,24.08.1980
938,8:42.24,Pamela Chepchumba,KEN,28.02.79,Monaco,20.07.2001
939,8:42.25,Elizabeth McColgan,GBR,24.05.64,Nice,15.07.1992
940,8:42.26,Zola Pieterse,RSA,26.05.66,Stellenbosch,11.02.1991
940,8:42.26,Priscah Cherono,KEN,27.06.80,Stockholm,25.07.2006
942,8:42.28,Galina Zakharova,RUS,07.09.56,Sochi,09.06.1984
942,8:42.28,Maureen Koster,NED,07.03.92,Rabat,05.06.2022
944,8:42.3,Loa Olafsson,DEN,29.01.58,Oslo,27.06.1978
944,8:42.30,Maricica Puica,ROU,29.07.50,Bruxelles,11.09.1987
946,8:42.31,Annette Peters,USA,31.05.65,New Orleans,22.06.1992
947,8:42.32,Zhanna Tursunova,RUS,23.10.57,Sochi,09.06.1984
947,8:42.32,Marie-Pierre Duros,FRA,07.06.67,Barcelona,31.07.1992
947,8:42.32,Zhor El Kamch,MAR,15.03.73,Oslo,30.06.1999
950,8:42.33,Grete Waitz,NOR,01.10.53,Basel,26.05.1980
950,8:42.33,Caroline Kipkurui,KAZ,26.05.94,Chorzów,06.08.2022
952,8:42.34,Edinah Jebitok,KEN,10.11.01,Ad-Dawhah,13.05.2022
952,8:42.34,Gloria Kite,KEN,29.12.98,Chorzów,06.08.2022
954,8:42.35,Joanne Pavey,GBR,20.09.73,Birmingham,20.08.2006
955,8:42.38,Mary Slaney,USA,04.08.58,Eugene,04.06.1983
955,8:42.38,Ines Chenonge,KEN,01.02.82,Oslo,29.07.2005
955,8:42.38,Pauline Korikwiang,KEN,01.03.88,Ostrava,30.05.2006
958,8:42.39,Viorica Ghican,ROU,09.06.65,Bucuresti,12.06.1988
958,8:42.39,Yang Ling,CHN,06.01.79,Beijing,13.09.1993
958,8:42.39,Genet Gebregiorgis,ETH,05.01.77,Roma,29.06.2001
961,8:42.40,Yvonne Graham,JAM,22.08.65,Monaco,09.09.1995
961,8:42.40,Amy Rudolph,USA,18.09.73,Eugene,26.05.1996
963,8:42.42,Margareta Keszeg,ROU,31.08.65,Stockholm,03.07.1991
964,8:42.44,Yelena Romanova,RUS,20.03.63,Kyiv,30.07.1988
964,8:42.44,Sylvia Kibet,KEN,28.03.84,Lausanne,23.08.2012
966,8:42.45,Tatyana Dorovskikh,UKR,12.08.61,Barcelona,31.07.1992
967,8:42.46,Zhor El Kamch,MAR,15.03.73,Madrid,19.07.2003
968,8:42.47,Elana Meyer,RSA,10.10.66,Stellenbosch,10.02.1992
968,8:42.47,Paula Radcliffe,GBR,17.12.73,Gateshead,19.08.2001
970,8:42.48A,Mary Slaney,USA,04.08.58,San José,28.05.1983
970,8:42.48,Konstanze Klosterhalfen,GER,18.02.97,Chorzów,06.08.2022
972,8:42.49+,Meseret Defar,ETH,19.11.83,Bruxelles,26.08.2005
973,8:42.50,Elizabeth McColgan,GBR,24.05.64,Belfast,27.06.1988
974,8:42.52,Patti Sue Plumer,USA,27.04.62,London,10.07.1992
974,8:42.52,Asmae Leghzaoui,MAR,30.08.76,Ad-Dawhah,13.05.1999
976,8:42.53,Mary Slaney,USA,04.08.58,Indianapolis,17.07.1988
976,8:42.53+,Taryn Rawlings,USA,17.04.96,Eugene,27.05.2022
978,8:42.54,Galina Zakharova,RUS,07.09.56,Berlin,20.07.1984
978,8:42.54,Yamna Belkacem,FRA,20.02.74,Paris,19.06.1999
978,8:42.54,Linet Masai,KEN,05.12.89,Stuttgart,23.09.2007
978,8:42.54,Kalkidan Gezahegne,BRN,08.05.91,New York City,14.06.2014
982,8:42.55,Paula Radcliffe,GBR,17.12.73,Monaco,09.09.1995
982,8:42.55,Regina Jacobs,USA,28.08.63,Portland,25.06.2000
984,8:42.56,Yamna Belkacem,FRA,20.02.74,Monaco,04.08.1999
985,8:42.57,Elly van Hulst,NED,09.06.59,Roma,01.09.1987
985,8:42.57,Werknesh Kidane,ETH,21.11.81,Eugene,26.05.2002
985,8:42.57,Tirunesh Dibaba,ETH,01.10.85,Eugene,26.05.2002
985,8:42.57+,Helen Obiri,KEN,13.12.89,Bruxelles,03.09.2021
989,8:42.58,Sonia O'Sullivan,IRL,28.11.69,London,10.07.1992
989,8:42.58,Olga Komyagina,RUS,10.02.74,Roma,07.07.1999
989,8:42.58+,Elly Henes,USA,13.10.98,Eugene,27.05.2022
992,8:42.59,Deena Kastor,USA,14.02.73,Zürich,11.08.2000
993,8:42.6,Janice Merrill,USA,18.06.56,Oslo,27.06.1978
993,8:42.6,Svetlana Ulmasova,UZB,04.02.53,Berkeley,08.07.1978
995,8:42.61,Viorica Ghican,ROU,09.06.65,Pitesti,25.06.1989
996,8:42.62,Lidia Chojecka,POL,25.01.77,Madrid,17.07.2004
997,8:42.63,Sentayehu Ejigu,ETH,21.06.85,Monaco,19.09.2004
998,8:42.64,Roberta Brunet,ITA,20.05.65,Tokyo,26.08.1991
998,8:42.64,Ebru Kavaklioglu,TUR,14.03.70,Rieti,02.09.2001
998,8:42.64,Gabrielle Anderson,USA,25.06.86,London,26.07.2013
1001,8:42.68,Cheri Kenah,USA,26.12.70,Zürich,11.08.1999
1002,8:42.69,Sara Moreira,POR,17.10.85,Huelva,09.06.2010
1003,8:42.7,Grete Waitz,NOR,01.10.53,Øvre-Ørdal,19.08.1979
1004,8:42.74,Sally Kipyego,KEN,19.12.85,Birmingham,26.08.2012
1005,8:42.75,Pauline Korikwiang,KEN,01.03.88,Montreuil,08.06.2010
1006,8:42.78,Cindy Bremser,USA,05.05.53,Los Angeles,10.08.1984
1007,8:42.8+,Meseret Defar,ETH,19.11.83,New York City,03.06.2006
1007,8:42.80,Tatyana Pozdnyakova,UKR,04.03.56,Nice,16.07.1985
1009,8:42.81,Ulrike Bruns,GDR,17.11.53,Potsdam,05.05.1984
1010,8:42.82,Yvonne Murray,GBR,04.10.64,London,27.08.1995
1011,8:42.84,Irina Bondarchuk,RUS,17.09.52,Sochi,30.05.1982
1011,8:42.84,Mary Knisley,USA,29.05.59,Nice,13.07.1987
1011,8:42.84,Kristina da Fonseca-Wöllheim,GER,10.02.72,Monaco,04.08.1999
1011,8:42.84,Maryam Yusuf Jamal,BRN,16.09.84,Ad-Dawhah,13.05.2005
1015,8:42.85,Angela Chalmers,CAN,06.09.63,Barcelona,31.07.1992
1016,8:42.86,Jelena Prokopcuka,LAT,21.09.76,Stockholm,25.07.2006
1017,8:42.88,Lonah Chemtai Salpeter,ISR,12.12.88,Birmingham,18.08.2018
1018,8:42.93,Andrea Lynch,GBR,24.11.52,Bruxelles,11.09.1987
1019,8:42.95,Fernanda Ribeiro,POR,23.06.69,Nice,16.07.1998
1019,8:42.95,Benita Willis,AUS,06.05.79,Roma,29.06.2001
1021,8:42.96,Nina Yapeyeva,RUS,03.01.56,Kyiv,25.07.1982
1021,8:42.96,Gulnara Galkina,RUS,09.07.78,Vila Real de Santo,Antóni24.05.2008
1023,8:42.98,Elana Meyer,RSA,10.10.66,Hengelo,28.06.1992
1024,8:42.99,Elizabeth McColgan,GBR,24.05.64,Nice,10.07.1988
1024,8:42.99,Mariya Konovalova,RUS,14.08.74,Irkutsk,18.08.2007
1024,8:42.99,Molly Huddle,USA,31.08.84,London,26.07.2013
1027,8:43.0,Giana Romanova,RUS,10.03.55,Vilnius,18.07.1978
1027,8:43.00,Alla Yushina,RUS,20.08.58,Moskva,06.08.1981
1027,8:43.00,Dolores Checa,ESP,27.12.82,Vila Real de Santo,Antóni24.05.2008
1027,8:43.00,Loice Chemnung,KEN,22.02.97,Rovereto,23.08.2018
1031,8:43.03,Edith Masai,KEN,04.04.67,Lausanne,04.07.2001
1032,8:43.04,Beleynesh Oljira,ETH,26.06.90,Montreuil,08.06.2010
1033,8:43.05,Vivian Cheruiyot,KEN,11.09.83,London,28.07.2006
1033,8:43.05+,Viola Kibiwott,KEN,22.12.83,Bruxelles,14.09.2007
1035,8:43.06,Yvonne Murray,GBR,04.10.64,Split,29.08.1990
1036,8:43.07,Yelena Vyazova,UKR,18.04.60,Sochi,09.06.1984
1037,8:43.08,Maria Albertina Dias,POR,26.04.65,Nice,15.07.1992
1037,8:43.08,Meraf Bahta,SWE,24.06.89,Ad-Dawhah,06.05.2016
1037,8:43.08,Maureen Koster,NED,07.03.92,Vught,01.08.2020
1040,8:43.09,Regina Chistyakova,LTU,08.01.61,Kyiv,30.07.1988
1040,8:43.09+,Sylvia Kibet,KEN,28.03.84,Bruxelles,14.09.2007
1042,8:43.10,Paula Ivan,ROU,20.07.63,Seoul,23.09.1988
1043,8:43.11,Claudia Lokar,GER,09.02.64,Monaco,09.09.1995
1044,8:43.12,Maureen Koster,NED,07.03.92,Vught,30.05.2019
1045,8:43.13,Tatyana Tomashova,RUS,01.07.75,Zürich,17.08.2001
1045,8:43.13,Caroline Kariba,KEN,22.04.04,Chitose,16.07.2022
1047,8:43.14,Elizabeth McColgan,GBR,24.05.64,Sydney,14.01.1990
1047,8:43.14,Linet Masai,KEN,05.12.89,Gateshead,31.08.2008
1049,8:43.16,Alice Timbilil,KEN,01.02.83,Stockholm,27.07.2004
1050,8:43.17,Irina Mikitenko,GER,23.08.72,Monaco,19.09.2004
1051,8:43.18,Courtney Babcock,CAN,30.06.72,Monaco,19.07.2002
1052,8:43.19,Mary Slaney,USA,04.08.58,Sheffield,15.09.1991
1052,8:43.19,Zahra Ouaziz,MAR,20.12.69,Zürich,16.08.1995
1054,8:43.20,Maricica Puica,ROU,29.07.50,Bucuresti,10.06.1984
1054,8:43.20,Alesya Turova,BLR,06.12.79,Saint-Denis,05.07.2002
1054,8:43.20,Emebet Anteneh,ETH,13.01.92,Monaco,20.07.2012
1057,8:43.23,Kathy Butler,GBR,22.10.73,Saint-Denis,06.07.2001
1058,8:43.24+,Berhane Adere,ETH,21.07.73,Oslo,27.06.2003
1059,8:43.27,Eilish McColgan,GBR,25.11.90,Ad-Dawhah,06.05.2016
1060,8:43.3,Faina Krasnova,RUS,07.12.57,Donetsk,06.09.1980
1060,8:43.30+,Naomi Mugo,KEN,02.01.77,London,23.08.2002
1062,8:43.32,Maricica Puica,ROU,29.07.50,Los Angeles,08.08.1984
1062,8:43.32,Libbie Hickman,USA,17.02.65,Eugene,26.05.1996
1064,8:43.33,Gabriela Szabo,ROU,14.11.75,Gateshead,15.07.2000
1064,8:43.33,Helen Lobun,KEN,18.03.99,Fukagawa,08.07.2020
1064,8:43.33,Hawi Feysa,ETH,01.02.99,Chorzów,06.08.2022
1067,8:43.34,Janet Kisa,KEN,05.03.92,Lausanne,25.08.2016
1068,8:43.36,Meseret Defar,ETH,19.11.83,Lausanne,01.07.2003
1069,8:43.39,Natalya Artyomova,RUS,05.01.63,Saint-Denis,19.07.1991
1069,8:43.39+,Jennifer Simpson,USA,23.08.86,Des Moines,27.04.2018
1069,8:43.39+,Whittni Morgan,USA,22.10.97,Eugene,27.05.2022
1072,8:43.4+,Werknesh Kidane,ETH,21.11.81,Oslo,27.06.2003
1072,8:43.4+,Alemitu Haroye,ETH,09.05.95,Birmingham,24.08.2014
1074,8:43.41,Meselech Melkamu,ETH,19.04.85,London,28.07.2006
1075,8:43.43,Sally Kipyego,KEN,19.12.85,New York City,14.06.2014
1076,8:43.44,Shelly Steely,USA,23.10.62,Nice,15.07.1992
1077,8:43.45,Galina Bogomalova,RUS,15.10.77,Gateshead,15.07.2000
1077,8:43.45,Marta Domínguez,ESP,03.11.75,Huelva,20.06.2006
1079,8:43.46,Yelena Vyazova,UKR,18.04.60,Moskva,06.07.1986
1079,8:43.46,Yvonne Murray,GBR,04.10.64,Stuttgart,16.08.1993
1081,8:43.48,Tatyana Dorovskikh,UKR,12.08.61,Helsinki,30.06.1988
1082,8:43.5,Grete Waitz,NOR,01.10.53,Düsseldorf,04.09.1977
1082,8:43.50,Päivi Tikkanen,FIN,19.01.60,Tampere,29.08.1989
1082,8:43.50,Maria Albertina Dias,POR,26.04.65,Nice,15.07.1991
1085,8:43.51,Sonia O'Sullivan,IRL,28.11.69,Melbourne,01.03.2001
1086,8:43.52,Gabriela Szabo,ROU,14.11.75,München,11.09.1999
1086,8:43.52,Gabrielle Anderson,USA,25.06.86,Monaco,20.07.2012
1088,8:43.53,Fatima Yvelain,FRA,31.12.69,Monaco,18.08.2000
1089,8:43.54,Anne Mwangi,KEN,08.12.88,Fukuroi,03.05.2009
1089,8:43.54,Veronica Nyaruai Wanjiru,KEN,29.10.89,Lausanne,23.08.2012
1091,8:43.55,Naomi Mugo,KEN,02.01.77,Milano,07.06.2000
1092,8:43.59,Ingrid Kristiansen,NOR,21.03.56,Belfast,27.06.1988
1092,8:43.59,Annette Peters,USA,31.05.65,Zürich,04.08.1993
1092,8:43.59,Mariya Konovalova,RUS,14.08.74,Bruxelles,03.09.1999
1095,8:43.6,Lyubov Smolka,UKR,29.11.52,Donetsk,06.09.1980
1095,8:43.6+,Tirunesh Dibaba,ETH,01.10.85,Oslo,27.06.2003
1095,8:43.60,Meseret Defar,ETH,19.11.83,Stuttgart,14.09.2008
1098,8:43.62,Sally Barsosio,KEN,21.03.78,Saint-Denis,23.07.2004
1099,8:43.64,Mimi Belete,BRN,09.06.88,Monaco,20.07.2012
1100,8:43.65,Birgit Friedmann,FRG,08.04.60,Athínai,09.09.1982
1100,8:43.65,Viorica Ghican,ROU,09.06.65,La Coruña,25.07.1989
1100,8:43.65,Annette Peters,USA,31.05.65,Sankt Peterburg,24.07.1994
1103,8:43.66,Zahra Ouaziz,MAR,20.12.69,München,11.09.1999
1104,8:43.67,Doina Melinte,ROU,27.12.56,Stockholm,30.06.1987
1104,8:43.67,Annette Peters,USA,31.05.65,Köln,01.08.1993
1104,8:43.67,Pauline Korikwiang,KEN,01.03.88,Rieti,29.08.2010
1104,8:43.67,Eva Cherono,KEN,15.08.96,Ad-Dawhah,28.05.2021
1108,8:43.68,Yelena Romanova,RUS,20.03.63,Split,29.08.1990
1108,8:43.68,Azemra Gebru,ETH,05.05.92,Madrid,14.07.2017
1108,8:43.68,Gelete Burka,ETH,23.01.86,Madrid,14.07.2017
1111,8:43.69,Zerfe Wondemagegn,ETH,26.10.02,Chorzów,06.08.2022
1112,8:43.70,Viorica Ghican,ROU,09.06.65,Bucuresti,19.06.1988
1112,8:43.70,Yelena Romanova,RUS,20.03.63,Nice,18.07.1994
1114,8:43.71,Maricica Puica,ROU,29.07.50,Roma,22.07.1987
1114,8:43.71,Robyn Meagher,CAN,17.06.67,Bruxelles,28.08.1992
1114,8:43.71,Annette Peters,USA,31.05.65,Oslo,11.07.1993
1117,8:43.72,Lynn Jennings,USA,01.07.60,Eugene,26.05.1996
1117,8:43.72,Sule Utura Gedo,ETH,08.02.90,Réthymno,07.07.2010
1119,8:43.73,Elizabeth McColgan,GBR,24.05.64,Bruxelles,19.08.1988
1119,8:43.73,Yvonne Murray,GBR,04.10.64,Seoul,23.09.1988
1119,8:43.73,Angela Chalmers,CAN,06.09.63,Gateshead,17.07.1992
1122,8:43.74,Olga Bondarenko,RUS,02.06.60,Praha,16.08.1984
1122,8:43.74,Getenesh Urge,ETH,30.08.70,Milano,07.06.2000
1124,8:43.75,Viola Kibiwott,KEN,22.12.83,Birmingham,26.08.2012
1125,8:43.76,Zamira Zaytseva,UZB,16.02.53,Leningrad,04.08.1985
1125,8:43.76,Esther Kiplagat,KEN,08.12.66,Zürich,04.08.1993
1125,8:43.76,Maria Albertina Dias,POR,26.04.65,Zürich,04.08.1993
1128,8:43.77,Elizabeth McColgan,GBR,24.05.64,Zürich,07.08.1991
1128,8:43.77,Olga Churbanova,RUS,16.07.65,Zürich,16.08.1995
1130,8:43.79,Patti Sue Plumer,USA,27.04.62,Nice,10.07.1989
1131,8:43.8+,Sally Kipyego,KEN,19.12.85,Eugene,31.05.2014
1131,8:43.80,Ines Chenonge,KEN,01.02.82,Stockholm,27.07.2004
1133,8:43.81,Debbie Bowker,CAN,16.12.58,Seoul,23.09.1988
1133,8:43.81,Elizabeth McColgan,GBR,24.05.64,London,10.07.1992
1133,8:43.81,Teresiah Muthoni Gateri,KEN,05.01.02,Yokohama,21.05.2023
1136,8:43.82,Mary Knisley,USA,29.05.59,Nice,16.07.1985
1136,8:43.82,Wendy Sly,GBR,05.11.59,Zürich,19.08.1987
1136,8:43.82,Natalya Artyomova,RUS,05.01.63,Helsinki,30.06.1988
1136,8:43.82,Patti Sue Plumer,USA,27.04.62,Edinburgh,07.07.1989
1136,8:43.82,Fantaye Belayneh,ETH,15.09.00,Ad-Dawhah,13.05.2022
1141,8:43.83,Axumawit Embaye,ETH,18.10.94,Zagreb,04.09.2018
1142,8:43.85,Vivian Cheruiyot,KEN,11.09.83,Sheffield,15.07.2007
1143,8:43.88,Dominique Scott,RSA,24.06.92,Palo Alto,30.06.2019
1144,8:43.89,Yelena Romanova,RUS,20.03.63,Moskva,09.06.1990
1144,8:43.89,Zahra Ouaziz,MAR,20.12.69,Monaco,09.09.1995
1146,8:43.9+,Alicia Monson,USA,13.05.98,Paris,09.06.2023
1146,8:43.90,Svetlana Guskova,MDA,19.08.59,Sofia,06.06.1982
1146,8:43.90,Benita Willis,AUS,06.05.79,Zürich,15.08.2003
1149,8:43.92,Elly van Hulst,NED,09.06.59,Seoul,25.09.1988
1149,8:43.92,Lauren Fleshman,USA,26.09.81,London,03.08.2007
1149,8:43.92,Milcah Chemos,KEN,24.02.86,Zagreb,31.08.2009
1149,8:43.92+,Viola Kibiwott,KEN,22.12.83,Eugene,30.05.2015
1153,8:43.93,Alison Wyeth,GBR,26.05.64,Barcelona,31.07.1992
1153,8:43.93,Ines Chenonge,KEN,01.02.82,Monaco,19.07.2002
1153,8:43.93,Sylvia Kibet,KEN,28.03.84,Rieti,06.09.2009
1156,8:43.94,Yvonne Murray,GBR,04.10.64,Roma,01.09.1987
1157,8:43.95,Olga Bondarenko,RUS,02.06.60,Kyiv,30.07.1988
1157,8:43.95,Susan Chepkemei,KEN,25.06.75,Monaco,20.07.2001
1157,8:43.95,Lauren Fleshman,USA,26.09.81,Lappeenranta,21.07.2005
1157,8:43.95,Olga Komyagina,RUS,10.02.74,Zhukovskiy,09.06.2007
1161,8:43.96,Alesya Turova,BLR,06.12.79,Bruxelles,24.08.2001
1162,8:43.97,Cindy Bremser,USA,05.05.53,Los Angeles,08.08.1984
1162,8:43.97,Margaret Muriuki,KEN,21.03.86,Réthymno,07.07.2010
1164,8:43.98,Iulia Ionescu,ROU,03.07.65,Stockholm,05.07.1988
1165,8:44.0,Janice Merrill,USA,18.06.56,Berkeley,08.07.1978
1165,8:44.00,Yamna Belkacem,FRA,20.02.74,Monaco,20.07.2001
1167,8:44.02,Judi St. Hilaire,USA,05.09.59,Tokyo,26.08.1991
1167,8:44.02,Annette Peters,USA,31.05.65,Tokyo,26.08.1991
1167,8:44.02,Sonia O'Sullivan,IRL,28.11.69,Sheffield,30.06.2002
1167,8:44.02,Sheila Reid,CAN,02.08.89,London,26.07.2013
1171,8:44.03,Svetlana Ulmasova,UZB,04.02.53,Moskva,11.06.1982
1172,8:44.04,Helen Chepngeno,KEN,02.08.67,Zürich,04.08.1993
1173,8:44.05,Anna Brzezinska,POL,09.01.71,Zürich,16.08.1995
1173,8:44.05,Rose Cheruiyot,KEN,21.07.76,Lausanne,04.07.2001
1173,8:44.05,Joanne Pavey,GBR,20.09.73,Rieti,02.09.2001
1176,8:44.07,Patti Sue Plumer,USA,27.04.62,Villeneuve d'Ascq,29.06.1990
1176,8:44.07,Leah Malot,KEN,07.06.72,Saint-Denis,05.07.2002
1176,8:44.07,Rose Davies,AUS,21.12.99,Yokohama,21.05.2023
1179,8:44.08,Elly van Hulst,NED,09.06.59,Stockholm,05.07.1988
1179,8:44.08,Brenda Chebet,KEN,06.03.04,Rovereto,30.08.2022
1181,8:44.09,Paula Ivan,ROU,20.07.63,Duisburg,27.08.1989
1182,8:44.1,Grete Waitz,NOR,01.10.53,Auckland,27.01.1979
1182,8:44.1,Yelena Sipatova,RUS,07.06.55,Kaunas,11.08.1979
1182,8:44.1+,Tirunesh Dibaba,ETH,01.10.85,Oslo,02.06.2006
1182,8:44.10,Raisa Sadreydinova,RUS,09.05.50,Kyiv,25.07.1982
1182,8:44.10,Elana Meyer,RSA,10.10.66,Stellenbosch,11.02.1991
1182,8:44.10,Marta Domínguez,ESP,03.11.75,Rieti,30.08.1998
1182,8:44.10+,Mariem Alaoui Selsouli,MAR,08.04.84,Roma,13.07.2007
1182,8:44.10,Fantu Worku,ETH,29.03.99,Ad-Dawhah,13.05.2022
1190,8:44.11,Lynn Williams,CAN,11.07.60,Stockholm,05.07.1988
1190,8:44.11,Kim Conley,USA,14.03.86,New York City,14.06.2014
1192,8:44.13,Tatyana Arkhipova,RUS,08.04.83,Zhukovskiy,24.06.2006
1192,8:44.13,Joanne Pavey,GBR,20.09.73,London,03.08.2007
1192,8:44.13,Ejgayehu Taye,ETH,10.02.00,Birmingham,18.08.2018
1195,8:44.14,Jane Ngotho,KEN,29.11.69,Nice,15.07.1991
1195,8:44.14,Werknesh Kidane,ETH,21.11.81,Milano,07.06.2000
1197,8:44.15,Mary Slaney,USA,04.08.58,Seoul,23.09.1988
1197,8:44.15,Getenesh Wami,ETH,11.12.74,Hengelo,01.06.1998
1197,8:44.15,Sally Barsosio,KEN,21.03.78,Gateshead,28.08.2000
1200,8:44.16,Alla Yushina,RUS,20.08.58,Bucuresti,16.09.1984
1201,8:44.17,Roberta Brunet,ITA,20.05.65,Hengelo,31.05.1997
1201,8:44.17,René Kalmer,RSA,03.11.80,Montreuil,08.06.2010
1203,8:44.18,Tatyana Dorovskikh,UKR,12.08.61,Seoul,23.09.1988
1203,8:44.18,Yvonne Murray,GBR,04.10.64,Bruxelles,28.08.1992
1205,8:44.19,Annette Sergent,FRA,17.11.62,Nice,10.07.1988
1206,8:44.2+,Gelete Burka,ETH,23.01.86,Oslo,02.06.2006
1206,8:44.2+,Beleynesh Oljira,ETH,26.06.90,Eugene,31.05.2014
1206,8:44.2+,Laura Muir,GBR,09.05.93,Paris,09.06.2023
1206,8:44.20,Madeleine Hills,AUS,15.05.87,Hengelo,24.05.2015
1210,8:44.21,Tatyana Pozdnyakova,UKR,04.03.56,Kyiv,20.06.1984
1210,8:44.21,Patti Sue Plumer,USA,27.04.62,Zürich,15.08.1990
1210,8:44.21,Roberta Brunet,ITA,20.05.65,Barcelona,31.07.1992
1210,8:44.21,Merima Denboba,ETH,21.08.74,Ad-Dawhah,13.05.1999
1210,8:44.21,Gabriela DeBues-Stafford,CAN,13.09.95,Paris,28.08.2021
1215,8:44.22,Shelly Steely,USA,23.10.62,Barcelona,31.07.1992
1215,8:44.22,Wioletta Frankiewicz,POL,09.06.77,Oslo,29.07.2005
1217,8:44.24,Leah Malot,KEN,07.06.72,Paris,21.07.1999
1217,8:44.24,Rosemary Wanjiru,KEN,21.09.94,Yokohama,10.11.2018
1219,8:44.26,Margarita Marusova,RUS,25.11.67,Paris,21.07.1999
1220,8:44.27,Beatrice Chebet,KEN,05.03.00,Paris,28.08.2021
1221,8:44.28,Ayelech Worku,ETH,12.06.79,Milano,07.06.2000
1221,8:44.28,Restituta Joseph,TAN,30.07.71,Monaco,20.07.2001
1223,8:44.29,Paula Ivan,ROU,20.07.63,Bucuresti,24.05.1987
1223,8:44.29,Leah Malot,KEN,07.06.72,Nice,17.07.1999
1223,8:44.29,Megan Wright,CAN,27.01.82,Rieti,29.08.2010
1226,8:44.3+,Tirunesh Dibaba,ETH,01.10.85,Oslo,02.06.2006
1226,8:44.30,Iulia Ionescu,ROU,03.07.65,Helsinki,30.06.1988
1226,8:44.30,Natalya Artyomova,RUS,05.01.63,Seoul,23.09.1988
1226,8:44.30,Liliya Shobukhova,RUS,13.11.77,Zhukovskiy,09.06.2007
1226,8:44.30,Almaz Ayana,ETH,21.11.91,Dakar,12.06.2013
1231,8:44.32,Viorica Ghican,ROU,09.06.65,Bucuresti,04.06.1989
1231,8:44.32,Yvonne Murray,GBR,04.10.64,Barcelona,10.09.1989
1231,8:44.32,Lidia Chojecka,POL,25.01.77,Bydgoszcz,08.07.2000
1234,8:44.33,Margareta Keszeg,ROU,31.08.65,Nice,10.07.1989
1234,8:44.33,Zakia Mrisho,TAN,19.02.84,Monaco,29.07.2008
1234,8:44.33,Kalkidan Gezahegne,ETH,08.05.91,Rieti,06.09.2009
1237,8:44.34,Yvonne Murray,GBR,04.10.64,Gateshead,05.08.1989
1237,8:44.34,Paula Radcliffe,GBR,17.12.73,Oslo,11.07.1993
1239,8:44.35,Gitte Karlshøj,DEN,14.05.59,Tokyo,26.08.1991
1240,8:44.36,Nadia Dandolo,ITA,11.09.62,Stockholm,03.07.1991
1241,8:44.38,Mary Slaney,USA,04.08.58,Los Angeles,08.08.1984
1241,8:44.38,Asmae Leghzaoui,MAR,30.08.76,Bruxelles,24.08.2001
1243,8:44.40,Kayoko Fukushi,JPN,25.03.82,Saint-Denis,05.07.2002
1244,8:44.41,Nadia Dandolo,ITA,11.09.62,Zürich,15.08.1990
1244,8:44.41,Azemra Gebru,ETH,05.05.92,Haldensleben,15.07.2012
1246,8:44.42+,Helen Schlachtenhaufen,USA,14.03.95,Eugene,27.05.2022
1247,8:44.43,Brigitte Kraus,FRG,12.08.56,Koblenz,25.08.1982
1248,8:44.44,Cornelia Bürki,SUI,03.10.53,Stuttgart,28.08.1986
1249,8:44.45,Esther Kiplagat,KEN,08.12.66,Bruxelles,28.08.1992
1249,8:44.45,Deena Kastor,USA,14.02.73,Monaco,25.07.2007
1249,8:44.45+,Almaz Ayana,ETH,21.11.91,Bruxelles,09.09.2016
1249,8:44.45+,Elise Cranny,USA,09.05.96,Eugene,20.08.2021
1253,8:44.46,Christine Benning,GBR,30.03.55,Zürich,22.08.1984
1253,8:44.46,Mariya Konovalova,RUS,14.08.74,Irkutsk,02.08.2008
1253,8:44.46,Molly Huddle,USA,31.08.84,Birmingham,20.08.2017
1256,8:44.47,Margareta Keszeg,ROU,31.08.65,Frankfurt,29.06.1991
1256,8:44.47,Esther Chemutai,KEN,06.06.87,Montreuil,08.06.2010
1258,8:44.48,Ulrike Bruns,GDR,17.11.53,Praha,27.06.1987
1259,8:44.49+,Edith Masai,KEN,04.04.67,Berlin,31.08.2001
1259,8:44.49,Krisztina Papp,HUN,17.12.82,Huelva,20.06.2006
1259,8:44.49+,Konstanze Klosterhalfen,GER,18.02.97,Berlin,03.08.2019
1262,8:44.5,Svetlana Ulmasova,UZB,04.02.53,Vilnius,18.07.1978
1262,8:44.5+,Edith Masai,KEN,04.04.67,Oslo,02.06.2006
1262,8:44.50,Tatyana Pozdnyakova,UKR,04.03.56,Indianapolis,02.07.1982
1262,8:44.50,Uta Pippig,GER,07.09.65,Köln,01.08.1993
1266,8:44.52,Yvonne Murray,GBR,04.10.64,Tokyo,26.08.1991
1266,8:44.52,Tegla Loroupe,KEN,09.05.73,Monaco,20.07.2001
1268,8:44.53,Sally Barsosio,KEN,21.03.78,Zürich,16.08.1995
1268,8:44.53,Tegla Loroupe,KEN,09.05.73,Roma,07.07.1999
1268,8:44.53,Émilie Mondor,CAN,29.04.81,Zürich,15.08.2003
1268,8:44.53,Zakia Mrisho,TAN,19.02.84,Rieti,29.08.2010
1272,8:44.54,Zola Pieterse,RSA,26.05.66,Gateshead,29.06.1985
1272,8:44.54,Purity Rionoripo,KEN,10.06.93,Rieti,29.08.2010
1272,8:44.54,Selah Busienei,KEN,27.12.91,Rovereto,30.08.2022
1275,8:44.55,Gitte Karlshøj,DEN,14.05.59,Nice,15.07.1992
1276,8:44.56,Naomi Mugo,KEN,02.01.77,Nice,08.07.2000
1277,8:44.57,Ayelech Worku,ETH,12.06.79,Hengelo,01.06.1998
1278,8:44.58,Naomi Mugo,KEN,02.01.77,Paris,29.07.1998
1278,8:44.58,Kayoko Fukushi,JPN,25.03.82,Athínai,16.09.2006
1280,8:44.59,Ejgayehu Taye,ETH,10.02.00,Ad-Dawhah,03.05.2019
1281,8:44.6,Olga Dvirna,RUS,11.02.53,Sochi,30.05.1981
1281,8:44.60,Lynn Jennings,USA,01.07.60,Nice,15.07.1992
1283,8:44.62,Zola Pieterse,GBR,26.05.66,Los Angeles,08.08.1984
1283,8:44.62,Buze Diriba,ETH,09.02.94,Haldensleben,15.07.2012
1285,8:44.63,Carrie Tollefson,USA,18.01.77,London,28.07.2006
1286,8:44.64,Grete Waitz,NOR,01.10.53,Basel,08.06.1981
1286,8:44.64,Gwen Griffiths,RSA,30.08.67,Roma,08.06.1995
1286,8:44.64,Yin Lili,CHN,11.11.79,Athínai,28.06.2000
1286,8:44.64,Vivian Cheruiyot,KEN,11.09.83,Stuttgart,14.09.2008
1290,8:44.65,Sabrina Mockenhaupt,GER,06.12.80,Bergisch Gladbach,14.08.2003
1291,8:44.66,Beleynesh Oljira,ETH,26.06.90,Lausanne,08.07.2010
1292,8:44.67,Zhor El Kamch,MAR,15.03.73,Sevilla,28.05.1999
1292,8:44.67,Mercy Cherono,KEN,07.05.91,Rieti,06.09.2009
1294,8:44.68,Tatyana Pozdnyakova,UKR,04.03.56,Leningrad,04.08.1985
1294,8:44.68+,Jessica Augusto,POR,08.11.81,Bruxelles,14.09.2007
1294,8:44.68,Eleanor Fulton,USA,17.05.93,Rovereto,30.08.2022
1297,8:44.69,Marla Runyan,USA,04.01.69,Eugene,27.05.2001
1298,8:44.7,Raisa Belousova,RUS,29.02.52,Kaunas,11.08.1979
1298,8:44.7,Raisa Sadreydinova,RUS,09.05.50,Donetsk,06.09.1980
1298,8:44.70,Elana Meyer,RSA,10.10.66,Lahti,27.07.1995
1301,8:44.72,Tatyana Kazankina,RUS,17.12.51,Helsinki,08.08.1983
1301,8:44.72,Mary Slaney,USA,04.08.58,Helsinki,08.08.1983
1303,8:44.73,Alison Wyeth,GBR,26.05.64,Tokyo,26.08.1991
1303,8:44.73,Michelle Sikes,USA,27.02.85,Monaco,25.07.2007
1305,8:44.76,Margareta Keszeg,ROU,31.08.65,Nice,15.07.1991
1306,8:44.77,Maricica Puica,ROU,29.07.50,Roma,14.09.1982
1307,8:44.78,Annette Peters,USA,31.05.65,Nice,15.07.1991
1307,8:44.78,Mariya Konovalova,RUS,14.08.74,Rovereto,26.08.1998
1307,8:44.78,Tatyana Tomashova,RUS,01.07.75,Lausanne,01.07.2003
1307,8:44.78,Zakia Mrisho,TAN,19.02.84,Rovereto,10.09.2008
1311,8:44.79,Wendy Sly,GBR,05.11.59,Roma,29.08.1987
1311,8:44.79,Yelena Vyazova,UKR,18.04.60,Moskva,04.09.1988
1311,8:44.79+,Sifan Hassan,NED,01.01.93,Eugene,26.05.2017
1314,8:44.8+,Susan Krumins,NED,08.07.86,Birmingham,24.08.2014
1315,8:44.81,Kathrin Weßel,GER,14.08.67,Helsinki,30.06.1988
1315,8:44.81,Alesya Turova,BLR,06.12.79,Milano,07.06.2000
1317,8:44.82,Zhang Linli,CHN,06.03.73,Shanghai,16.05.1993
1317,8:44.82,Berhane Adere,ETH,21.07.73,Gateshead,11.06.2006
1317,8:44.82,Tsiyon Abebe Temesgen,ETH,17.08.06,Rabat,05.06.2022
1320,8:44.85,Annette Peters,USA,31.05.65,Nice,18.07.1994
1321,8:44.86,Lesley Lehane,USA,12.03.63,Nice,15.07.1986
1322,8:44.88,Ulrike Bruns,GDR,17.11.53,Berlin,31.07.1983
1323,8:44.89,Alison Wyeth,GBR,26.05.64,Bruxelles,28.08.1992
1324,8:44.9,Yelena Vyazova,UKR,18.04.60,Kyiv,24.06.1988
1324,8:44.9+,Meselech Melkamu,ETH,19.04.85,Oslo,02.06.2006
1324,8:44.9+,Ines Chenonge,KEN,01.02.82,Oslo,02.06.2006
1324,8:44.9+,Priscah Cherono,KEN,27.06.80,Oslo,02.06.2006
1328,8:44.91,Sabrina Dornhoefer,USA,02.12.63,Victoria,08.06.1988
1328,8:44.91,Yelena Vyazova,UKR,18.04.60,Kyiv,30.07.1988
1330,8:44.92,Jane Kiptoo,KEN,08.08.82,Rovereto,10.09.2008
1330,8:44.92,Elena Burkard,GER,10.02.92,Winnenden,18.07.2020
1332,8:44.93,Elizabeth McColgan,GBR,24.05.64,Edinburgh,07.07.1989
1332,8:44.93,Elena Fidatov,ROU,24.07.60,Reims,30.06.1993
1334,8:44.97,Esther Kiplagat,KEN,08.12.66,Barcelona,31.07.1992
1335,8:44.98,Cornelia Bürki,SUI,03.10.53,Koblenz,13.08.1987
1336,8:44.99,Zhang Linli,CHN,06.03.73,Jinan,06.06.1993
